foundation,field,scope,level,weighting,estimate,conf_low,conf_high,conf_low_battery,conf_high_battery,n,n_models,jurisdiction_caveat,nonexclusive,inference_target,conditional,canonical_run_id,krippendorff_alpha,gwet_ac1,prevalence,psa_mean,psa_min,psa_max,psa_conf_low,psa_conf_high,n_pairs,n_units_complete,reliability_statistic,reliability_note,evidence_status
Care / harm,care_harm,overall,all models,equal-model,0.49836984401766443,0.4419971799518391,0.5564437001024648,0.44998586537213175,0.546753822663197,6528,11,"jurisdiction rows are DESCRIPTIVE: jurisdiction is defined by model membership, so a model-adjusted jurisdiction contrast is not identified","foundations are separate NON-EXCLUSIVE binaries; a response can invoke several or none, so they do not form a composition and must never be plotted as shares of a whole","conf_low/conf_high target an issue SUPERPOPULATION (issue-cluster bootstrap, percentile). conf_low_battery/conf_high_battery target the frozen 624-issue battery (delete-one-issue jackknife with finite-population correction, normal approximation). They answer different questions; neither is a correction of the other.",CONDITIONAL ON ENGAGEMENT: passes 2/3 skip refusals by design,canon_006,0.6997446941896444,0.69839,0.4975147030923882,0.8503670333230532,0.821506629753752,0.8773727026212714,0.8306500070146248,0.8691176751215413,6,6468,"pairwise positive specific agreement, 2a/(2a+b+c), mean over judge pairs",reported as a number with its interval; no acceptance threshold is applied because none is preregistered,DESCRIPTIVE/EXPLORATORY for rare foundations
Care / harm,care_harm,jurisdiction,CN,equal-model,0.5325801381335904,0.46746003042822115,0.5962196660731289,0.48067256900983824,0.5844877072573426,1181,2,"jurisdiction rows are DESCRIPTIVE: jurisdiction is defined by model membership, so a model-adjusted jurisdiction contrast is not identified","foundations are separate NON-EXCLUSIVE binaries; a response can invoke several or none, so they do not form a composition and must never be plotted as shares of a whole","conf_low/conf_high target an issue SUPERPOPULATION (issue-cluster bootstrap, percentile). conf_low_battery/conf_high_battery target the frozen 624-issue battery (delete-one-issue jackknife with finite-population correction, normal approximation). They answer different questions; neither is a correction of the other.",CONDITIONAL ON ENGAGEMENT: passes 2/3 skip refusals by design,canon_006,0.6997446941896444,0.69839,0.4975147030923882,0.8503670333230532,0.821506629753752,0.8773727026212714,0.8306500070146248,0.8691176751215413,6,6468,"pairwise positive specific agreement, 2a/(2a+b+c), mean over judge pairs",reported as a number with its interval; no acceptance threshold is applied because none is preregistered,DESCRIPTIVE/EXPLORATORY for rare foundations
Care / harm,care_harm,jurisdiction,MENA,equal-model,0.5210160612392996,0.4602301972230962,0.5803617372227741,0.4719603819239403,0.5700717405546588,1699,3,"jurisdiction rows are DESCRIPTIVE: jurisdiction is defined by model membership, so a model-adjusted jurisdiction contrast is not identified","foundations are separate NON-EXCLUSIVE binaries; a response can invoke several or none, so they do not form a composition and must never be plotted as shares of a whole","conf_low/conf_high target an issue SUPERPOPULATION (issue-cluster bootstrap, percentile). conf_low_battery/conf_high_battery target the frozen 624-issue battery (delete-one-issue jackknife with finite-population correction, normal approximation). They answer different questions; neither is a correction of the other.",CONDITIONAL ON ENGAGEMENT: passes 2/3 skip refusals by design,canon_006,0.6997446941896444,0.69839,0.4975147030923882,0.8503670333230532,0.821506629753752,0.8773727026212714,0.8306500070146248,0.8691176751215413,6,6468,"pairwise positive specific agreement, 2a/(2a+b+c), mean over judge pairs",reported as a number with its interval; no acceptance threshold is applied because none is preregistered,DESCRIPTIVE/EXPLORATORY for rare foundations
Care / harm,care_harm,jurisdiction,India,equal-model,0.5042444821731749,0.4352443099963146,0.5693919343338313,0.4474450081754742,0.5610439561708755,589,1,"jurisdiction rows are DESCRIPTIVE: jurisdiction is defined by model membership, so a model-adjusted jurisdiction contrast is not identified","foundations are separate NON-EXCLUSIVE binaries; a response can invoke several or none, so they do not form a composition and must never be plotted as shares of a whole","conf_low/conf_high target an issue SUPERPOPULATION (issue-cluster bootstrap, percentile). conf_low_battery/conf_high_battery target the frozen 624-issue battery (delete-one-issue jackknife with finite-population correction, normal approximation). They answer different questions; neither is a correction of the other.",CONDITIONAL ON ENGAGEMENT: passes 2/3 skip refusals by design,canon_006,0.6997446941896444,0.69839,0.4975147030923882,0.8503670333230532,0.821506629753752,0.8773727026212714,0.8306500070146248,0.8691176751215413,6,6468,"pairwise positive specific agreement, 2a/(2a+b+c), mean over judge pairs",reported as a number with its interval; no acceptance threshold is applied because none is preregistered,DESCRIPTIVE/EXPLORATORY for rare foundations
Care / harm,care_harm,jurisdiction,US,equal-model,0.43836537397055214,0.37782410242887043,0.5046673027703771,0.38956495233610766,0.4871657956049966,2435,4,"jurisdiction rows are DESCRIPTIVE: jurisdiction is defined by model membership, so a model-adjusted jurisdiction contrast is not identified","foundations are separate NON-EXCLUSIVE binaries; a response can invoke several or none, so they do not form a composition and must never be plotted as shares of a whole","conf_low/conf_high target an issue SUPERPOPULATION (issue-cluster bootstrap, percentile). conf_low_battery/conf_high_battery target the frozen 624-issue battery (delete-one-issue jackknife with finite-population correction, normal approximation). They answer different questions; neither is a correction of the other.",CONDITIONAL ON ENGAGEMENT: passes 2/3 skip refusals by design,canon_006,0.6997446941896444,0.69839,0.4975147030923882,0.8503670333230532,0.821506629753752,0.8773727026212714,0.8306500070146248,0.8691176751215413,6,6468,"pairwise positive specific agreement, 2a/(2a+b+c), mean over judge pairs",reported as a number with its interval; no acceptance threshold is applied because none is preregistered,DESCRIPTIVE/EXPLORATORY for rare foundations
Care / harm,care_harm,jurisdiction,EU,equal-model,0.5961538461538461,0.5352564102564102,0.6562900641025641,0.5440234233664206,0.6482842689412717,624,1,"jurisdiction rows are DESCRIPTIVE: jurisdiction is defined by model membership, so a model-adjusted jurisdiction contrast is not identified","foundations are separate NON-EXCLUSIVE binaries; a response can invoke several or none, so they do not form a composition and must never be plotted as shares of a whole","conf_low/conf_high target an issue SUPERPOPULATION (issue-cluster bootstrap, percentile). conf_low_battery/conf_high_battery target the frozen 624-issue battery (delete-one-issue jackknife with finite-population correction, normal approximation). They answer different questions; neither is a correction of the other.",CONDITIONAL ON ENGAGEMENT: passes 2/3 skip refusals by design,canon_006,0.6997446941896444,0.69839,0.4975147030923882,0.8503670333230532,0.821506629753752,0.8773727026212714,0.8306500070146248,0.8691176751215413,6,6468,"pairwise positive specific agreement, 2a/(2a+b+c), mean over judge pairs",reported as a number with its interval; no acceptance threshold is applied because none is preregistered,DESCRIPTIVE/EXPLORATORY for rare foundations
Fairness / cheating,fairness_cheating,overall,all models,equal-model,0.6068741925887104,0.563069148281341,0.6478084335254657,0.5698299777120402,0.6439184074653806,6528,11,"jurisdiction rows are DESCRIPTIVE: jurisdiction is defined by model membership, so a model-adjusted jurisdiction contrast is not identified","foundations are separate NON-EXCLUSIVE binaries; a response can invoke several or none, so they do not form a composition and must never be plotted as shares of a whole","conf_low/conf_high target an issue SUPERPOPULATION (issue-cluster bootstrap, percentile). conf_low_battery/conf_high_battery target the frozen 624-issue battery (delete-one-issue jackknife with finite-population correction, normal approximation). They answer different questions; neither is a correction of the other.",CONDITIONAL ON ENGAGEMENT: passes 2/3 skip refusals by design,canon_006,0.5632673736722036,0.65725,0.6757730980838559,0.8604619010704837,0.8106977767994717,0.9021019626059692,0.8412076683101568,0.8786932546877275,6,6468,"pairwise positive specific agreement, 2a/(2a+b+c), mean over judge pairs",reported as a number with its interval; no acceptance threshold is applied because none is preregistered,DESCRIPTIVE/EXPLORATORY for rare foundations
Fairness / cheating,fairness_cheating,jurisdiction,CN,equal-model,0.634387691884078,0.5842484464560416,0.681844049933034,0.5920149210915305,0.6767604626766254,1181,2,"jurisdiction rows are DESCRIPTIVE: jurisdiction is defined by model membership, so a model-adjusted jurisdiction contrast is not identified","foundations are separate NON-EXCLUSIVE binaries; a response can invoke several or none, so they do not form a composition and must never be plotted as shares of a whole","conf_low/conf_high target an issue SUPERPOPULATION (issue-cluster bootstrap, percentile). conf_low_battery/conf_high_battery target the frozen 624-issue battery (delete-one-issue jackknife with finite-population correction, normal approximation). They answer different questions; neither is a correction of the other.",CONDITIONAL ON ENGAGEMENT: passes 2/3 skip refusals by design,canon_006,0.5632673736722036,0.65725,0.6757730980838559,0.8604619010704837,0.8106977767994717,0.9021019626059692,0.8412076683101568,0.8786932546877275,6,6468,"pairwise positive specific agreement, 2a/(2a+b+c), mean over judge pairs",reported as a number with its interval; no acceptance threshold is applied because none is preregistered,DESCRIPTIVE/EXPLORATORY for rare foundations
Fairness / cheating,fairness_cheating,jurisdiction,MENA,equal-model,0.5837883224908119,0.5368569140117707,0.6291140005076968,0.5436543111686949,0.6239223338129289,1699,3,"jurisdiction rows are DESCRIPTIVE: jurisdiction is defined by model membership, so a model-adjusted jurisdiction contrast is not identified","foundations are separate NON-EXCLUSIVE binaries; a response can invoke several or none, so they do not form a composition and must never be plotted as shares of a whole","conf_low/conf_high target an issue SUPERPOPULATION (issue-cluster bootstrap, percentile). conf_low_battery/conf_high_battery target the frozen 624-issue battery (delete-one-issue jackknife with finite-population correction, normal approximation). They answer different questions; neither is a correction of the other.",CONDITIONAL ON ENGAGEMENT: passes 2/3 skip refusals by design,canon_006,0.5632673736722036,0.65725,0.6757730980838559,0.8604619010704837,0.8106977767994717,0.9021019626059692,0.8412076683101568,0.8786932546877275,6,6468,"pairwise positive specific agreement, 2a/(2a+b+c), mean over judge pairs",reported as a number with its interval; no acceptance threshold is applied because none is preregistered,DESCRIPTIVE/EXPLORATORY for rare foundations
Fairness / cheating,fairness_cheating,jurisdiction,India,equal-model,0.5823429541595926,0.5293047282073442,0.6336739739214141,0.5369670135067633,0.6277188948124218,589,1,"jurisdiction rows are DESCRIPTIVE: jurisdiction is defined by model membership, so a model-adjusted jurisdiction contrast is not identified","foundations are separate NON-EXCLUSIVE binaries; a response can invoke several or none, so they do not form a composition and must never be plotted as shares of a whole","conf_low/conf_high target an issue SUPERPOPULATION (issue-cluster bootstrap, percentile). conf_low_battery/conf_high_battery target the frozen 624-issue battery (delete-one-issue jackknife with finite-population correction, normal approximation). They answer different questions; neither is a correction of the other.",CONDITIONAL ON ENGAGEMENT: passes 2/3 skip refusals by design,canon_006,0.5632673736722036,0.65725,0.6757730980838559,0.8604619010704837,0.8106977767994717,0.9021019626059692,0.8412076683101568,0.8786932546877275,6,6468,"pairwise positive specific agreement, 2a/(2a+b+c), mean over judge pairs",reported as a number with its interval; no acceptance threshold is applied because none is preregistered,DESCRIPTIVE/EXPLORATORY for rare foundations
Fairness / cheating,fairness_cheating,jurisdiction,US,equal-model,0.5920011519868564,0.5447667158295308,0.6316985947992522,0.5530184378972642,0.6309838660764486,2435,4,"jurisdiction rows are DESCRIPTIVE: jurisdiction is defined by model membership, so a model-adjusted jurisdiction contrast is not identified","foundations are separate NON-EXCLUSIVE binaries; a response can invoke several or none, so they do not form a composition and must never be plotted as shares of a whole","conf_low/conf_high target an issue SUPERPOPULATION (issue-cluster bootstrap, percentile). conf_low_battery/conf_high_battery target the frozen 624-issue battery (delete-one-issue jackknife with finite-population correction, normal approximation). They answer different questions; neither is a correction of the other.",CONDITIONAL ON ENGAGEMENT: passes 2/3 skip refusals by design,canon_006,0.5632673736722036,0.65725,0.6757730980838559,0.8604619010704837,0.8106977767994717,0.9021019626059692,0.8412076683101568,0.8786932546877275,6,6468,"pairwise positive specific agreement, 2a/(2a+b+c), mean over judge pairs",reported as a number with its interval; no acceptance threshold is applied because none is preregistered,DESCRIPTIVE/EXPLORATORY for rare foundations
Fairness / cheating,fairness_cheating,jurisdiction,EU,equal-model,0.7051282051282052,0.6521634615384615,0.7516025641025641,0.6647462618007006,0.7455101484557097,624,1,"jurisdiction rows are DESCRIPTIVE: jurisdiction is defined by model membership, so a model-adjusted jurisdiction contrast is not identified","foundations are separate NON-EXCLUSIVE binaries; a response can invoke several or none, so they do not form a composition and must never be plotted as shares of a whole","conf_low/conf_high target an issue SUPERPOPULATION (issue-cluster bootstrap, percentile). conf_low_battery/conf_high_battery target the frozen 624-issue battery (delete-one-issue jackknife with finite-population correction, normal approximation). They answer different questions; neither is a correction of the other.",CONDITIONAL ON ENGAGEMENT: passes 2/3 skip refusals by design,canon_006,0.5632673736722036,0.65725,0.6757730980838559,0.8604619010704837,0.8106977767994717,0.9021019626059692,0.8412076683101568,0.8786932546877275,6,6468,"pairwise positive specific agreement, 2a/(2a+b+c), mean over judge pairs",reported as a number with its interval; no acceptance threshold is applied because none is preregistered,DESCRIPTIVE/EXPLORATORY for rare foundations
Liberty / oppression,liberty_oppression,overall,all models,equal-model,0.47134218403735895,0.4302016398147308,0.5123486809016409,0.4344514962333952,0.5082328718413227,6528,11,"jurisdiction rows are DESCRIPTIVE: jurisdiction is defined by model membership, so a model-adjusted jurisdiction contrast is not identified","foundations are separate NON-EXCLUSIVE binaries; a response can invoke several or none, so they do not form a composition and must never be plotted as shares of a whole","conf_low/conf_high target an issue SUPERPOPULATION (issue-cluster bootstrap, percentile). conf_low_battery/conf_high_battery target the frozen 624-issue battery (delete-one-issue jackknife with finite-population correction, normal approximation). They answer different questions; neither is a correction of the other.",CONDITIONAL ON ENGAGEMENT: passes 2/3 skip refusals by design,canon_006,0.5234679323203382,0.52348,0.4889394801745569,0.7592312815208994,0.6863237139272271,0.8521225314881045,0.733155003136658,0.7829686855778724,6,6468,"pairwise positive specific agreement, 2a/(2a+b+c), mean over judge pairs",reported as a number with its interval; no acceptance threshold is applied because none is preregistered,DESCRIPTIVE/EXPLORATORY for rare foundations
Liberty / oppression,liberty_oppression,jurisdiction,CN,equal-model,0.4920621945343154,0.44049765790246975,0.5421471332333929,0.4469854579114603,0.5371389311571705,1181,2,"jurisdiction rows are DESCRIPTIVE: jurisdiction is defined by model membership, so a model-adjusted jurisdiction contrast is not identified","foundations are separate NON-EXCLUSIVE binaries; a response can invoke several or none, so they do not form a composition and must never be plotted as shares of a whole","conf_low/conf_high target an issue SUPERPOPULATION (issue-cluster bootstrap, percentile). conf_low_battery/conf_high_battery target the frozen 624-issue battery (delete-one-issue jackknife with finite-population correction, normal approximation). They answer different questions; neither is a correction of the other.",CONDITIONAL ON ENGAGEMENT: passes 2/3 skip refusals by design,canon_006,0.5234679323203382,0.52348,0.4889394801745569,0.7592312815208994,0.6863237139272271,0.8521225314881045,0.733155003136658,0.7829686855778724,6,6468,"pairwise positive specific agreement, 2a/(2a+b+c), mean over judge pairs",reported as a number with its interval; no acceptance threshold is applied because none is preregistered,DESCRIPTIVE/EXPLORATORY for rare foundations
Liberty / oppression,liberty_oppression,jurisdiction,MENA,equal-model,0.4276079151589858,0.3905432889874185,0.4655621333330112,0.3909262999695154,0.46428953034845616,1699,3,"jurisdiction rows are DESCRIPTIVE: jurisdiction is defined by model membership, so a model-adjusted jurisdiction contrast is not identified","foundations are separate NON-EXCLUSIVE binaries; a response can invoke several or none, so they do not form a composition and must never be plotted as shares of a whole","conf_low/conf_high target an issue SUPERPOPULATION (issue-cluster bootstrap, percentile). conf_low_battery/conf_high_battery target the frozen 624-issue battery (delete-one-issue jackknife with finite-population correction, normal approximation). They answer different questions; neither is a correction of the other.",CONDITIONAL ON ENGAGEMENT: passes 2/3 skip refusals by design,canon_006,0.5234679323203382,0.52348,0.4889394801745569,0.7592312815208994,0.6863237139272271,0.8521225314881045,0.733155003136658,0.7829686855778724,6,6468,"pairwise positive specific agreement, 2a/(2a+b+c), mean over judge pairs",reported as a number with its interval; no acceptance threshold is applied because none is preregistered,DESCRIPTIVE/EXPLORATORY for rare foundations
Liberty / oppression,liberty_oppression,jurisdiction,India,equal-model,0.5144312393887945,0.4642857142857143,0.5678295131438937,0.4696979359186564,0.5591645428589327,589,1,"jurisdiction rows are DESCRIPTIVE: jurisdiction is defined by model membership, so a model-adjusted jurisdiction contrast is not identified","foundations are separate NON-EXCLUSIVE binaries; a response can invoke several or none, so they do not form a composition and must never be plotted as shares of a whole","conf_low/conf_high target an issue SUPERPOPULATION (issue-cluster bootstrap, percentile). conf_low_battery/conf_high_battery target the frozen 624-issue battery (delete-one-issue jackknife with finite-population correction, normal approximation). They answer different questions; neither is a correction of the other.",CONDITIONAL ON ENGAGEMENT: passes 2/3 skip refusals by design,canon_006,0.5234679323203382,0.52348,0.4889394801745569,0.7592312815208994,0.6863237139272271,0.8521225314881045,0.733155003136658,0.7829686855778724,6,6468,"pairwise positive specific agreement, 2a/(2a+b+c), mean over judge pairs",reported as a number with its interval; no acceptance threshold is applied because none is preregistered,DESCRIPTIVE/EXPLORATORY for rare foundations
Liberty / oppression,liberty_oppression,jurisdiction,US,equal-model,0.44780129082426956,0.40543155979541445,0.4877760977972605,0.40743275365517684,0.4881698279933623,2435,4,"jurisdiction rows are DESCRIPTIVE: jurisdiction is defined by model membership, so a model-adjusted jurisdiction contrast is not identified","foundations are separate NON-EXCLUSIVE binaries; a response can invoke several or none, so they do not form a composition and must never be plotted as shares of a whole","conf_low/conf_high target an issue SUPERPOPULATION (issue-cluster bootstrap, percentile). conf_low_battery/conf_high_battery target the frozen 624-issue battery (delete-one-issue jackknife with finite-population correction, normal approximation). They answer different questions; neither is a correction of the other.",CONDITIONAL ON ENGAGEMENT: passes 2/3 skip refusals by design,canon_006,0.5234679323203382,0.52348,0.4889394801745569,0.7592312815208994,0.6863237139272271,0.8521225314881045,0.733155003136658,0.7829686855778724,6,6468,"pairwise positive specific agreement, 2a/(2a+b+c), mean over judge pairs",reported as a number with its interval; no acceptance threshold is applied because none is preregistered,DESCRIPTIVE/EXPLORATORY for rare foundations
Liberty / oppression,liberty_oppression,jurisdiction,EU,equal-model,0.6121794871794872,0.5680689102564103,0.6586538461538461,0.570920462891379,0.6534385114675955,624,1,"jurisdiction rows are DESCRIPTIVE: jurisdiction is defined by model membership, so a model-adjusted jurisdiction contrast is not identified","foundations are separate NON-EXCLUSIVE binaries; a response can invoke several or none, so they do not form a composition and must never be plotted as shares of a whole","conf_low/conf_high target an issue SUPERPOPULATION (issue-cluster bootstrap, percentile). conf_low_battery/conf_high_battery target the frozen 624-issue battery (delete-one-issue jackknife with finite-population correction, normal approximation). They answer different questions; neither is a correction of the other.",CONDITIONAL ON ENGAGEMENT: passes 2/3 skip refusals by design,canon_006,0.5234679323203382,0.52348,0.4889394801745569,0.7592312815208994,0.6863237139272271,0.8521225314881045,0.733155003136658,0.7829686855778724,6,6468,"pairwise positive specific agreement, 2a/(2a+b+c), mean over judge pairs",reported as a number with its interval; no acceptance threshold is applied because none is preregistered,DESCRIPTIVE/EXPLORATORY for rare foundations
Authority / subversion,authority_subversion,overall,all models,equal-model,0.13963639900829625,0.11183833790851744,0.16861768772688504,0.11335808112622386,0.16591471689036863,6528,11,"jurisdiction rows are DESCRIPTIVE: jurisdiction is defined by model membership, so a model-adjusted jurisdiction contrast is not identified","foundations are separate NON-EXCLUSIVE binaries; a response can invoke several or none, so they do not form a composition and must never be plotted as shares of a whole","conf_low/conf_high target an issue SUPERPOPULATION (issue-cluster bootstrap, percentile). conf_low_battery/conf_high_battery target the frozen 624-issue battery (delete-one-issue jackknife with finite-population correction, normal approximation). They answer different questions; neither is a correction of the other.",CONDITIONAL ON ENGAGEMENT: passes 2/3 skip refusals by design,canon_006,0.38762469335924754,0.71559,0.19681274900398357,0.5123412616157422,0.4446546830652791,0.605294825511432,0.45587373847149304,0.563509225240598,6,6468,"pairwise positive specific agreement, 2a/(2a+b+c), mean over judge pairs",reported as a number with its interval; no acceptance threshold is applied because none is preregistered,DESCRIPTIVE/EXPLORATORY for rare foundations
Authority / subversion,authority_subversion,jurisdiction,CN,equal-model,0.1641383286294486,0.13089011959516283,0.19999337436084302,0.1309524238082935,0.1973242334506037,1181,2,"jurisdiction rows are DESCRIPTIVE: jurisdiction is defined by model membership, so a model-adjusted jurisdiction contrast is not identified","foundations are separate NON-EXCLUSIVE binaries; a response can invoke several or none, so they do not form a composition and must never be plotted as shares of a whole","conf_low/conf_high target an issue SUPERPOPULATION (issue-cluster bootstrap, percentile). conf_low_battery/conf_high_battery target the frozen 624-issue battery (delete-one-issue jackknife with finite-population correction, normal approximation). They answer different questions; neither is a correction of the other.",CONDITIONAL ON ENGAGEMENT: passes 2/3 skip refusals by design,canon_006,0.38762469335924754,0.71559,0.19681274900398357,0.5123412616157422,0.4446546830652791,0.605294825511432,0.45587373847149304,0.563509225240598,6,6468,"pairwise positive specific agreement, 2a/(2a+b+c), mean over judge pairs",reported as a number with its interval; no acceptance threshold is applied because none is preregistered,DESCRIPTIVE/EXPLORATORY for rare foundations
Authority / subversion,authority_subversion,jurisdiction,MENA,equal-model,0.11114305613543282,0.08759738840324985,0.1369672827091335,0.08716823788732717,0.13511787438353848,1699,3,"jurisdiction rows are DESCRIPTIVE: jurisdiction is defined by model membership, so a model-adjusted jurisdiction contrast is not identified","foundations are separate NON-EXCLUSIVE binaries; a response can invoke several or none, so they do not form a composition and must never be plotted as shares of a whole","conf_low/conf_high target an issue SUPERPOPULATION (issue-cluster bootstrap, percentile). conf_low_battery/conf_high_battery target the frozen 624-issue battery (delete-one-issue jackknife with finite-population correction, normal approximation). They answer different questions; neither is a correction of the other.",CONDITIONAL ON ENGAGEMENT: passes 2/3 skip refusals by design,canon_006,0.38762469335924754,0.71559,0.19681274900398357,0.5123412616157422,0.4446546830652791,0.605294825511432,0.45587373847149304,0.563509225240598,6,6468,"pairwise positive specific agreement, 2a/(2a+b+c), mean over judge pairs",reported as a number with its interval; no acceptance threshold is applied because none is preregistered,DESCRIPTIVE/EXPLORATORY for rare foundations
Authority / subversion,authority_subversion,jurisdiction,India,equal-model,0.1460101867572156,0.11023721967687486,0.1845288298841598,0.11363401415108523,0.178386359363346,589,1,"jurisdiction rows are DESCRIPTIVE: jurisdiction is defined by model membership, so a model-adjusted jurisdiction contrast is not identified","foundations are separate NON-EXCLUSIVE binaries; a response can invoke several or none, so they do not form a composition and must never be plotted as shares of a whole","conf_low/conf_high target an issue SUPERPOPULATION (issue-cluster bootstrap, percentile). conf_low_battery/conf_high_battery target the frozen 624-issue battery (delete-one-issue jackknife with finite-population correction, normal approximation). They answer different questions; neither is a correction of the other.",CONDITIONAL ON ENGAGEMENT: passes 2/3 skip refusals by design,canon_006,0.38762469335924754,0.71559,0.19681274900398357,0.5123412616157422,0.4446546830652791,0.605294825511432,0.45587373847149304,0.563509225240598,6,6468,"pairwise positive specific agreement, 2a/(2a+b+c), mean over judge pairs",reported as a number with its interval; no acceptance threshold is applied because none is preregistered,DESCRIPTIVE/EXPLORATORY for rare foundations
Authority / subversion,authority_subversion,jurisdiction,US,equal-model,0.1400037864749042,0.1116939098494451,0.17112164778474592,0.11284603903963006,0.16716153391017832,2435,4,"jurisdiction rows are DESCRIPTIVE: jurisdiction is defined by model membership, so a model-adjusted jurisdiction contrast is not identified","foundations are separate NON-EXCLUSIVE binaries; a response can invoke several or none, so they do not form a composition and must never be plotted as shares of a whole","conf_low/conf_high target an issue SUPERPOPULATION (issue-cluster bootstrap, percentile). conf_low_battery/conf_high_battery target the frozen 624-issue battery (delete-one-issue jackknife with finite-population correction, normal approximation). They answer different questions; neither is a correction of the other.",CONDITIONAL ON ENGAGEMENT: passes 2/3 skip refusals by design,canon_006,0.38762469335924754,0.71559,0.19681274900398357,0.5123412616157422,0.4446546830652791,0.605294825511432,0.45587373847149304,0.563509225240598,6,6468,"pairwise positive specific agreement, 2a/(2a+b+c), mean over judge pairs",reported as a number with its interval; no acceptance threshold is applied because none is preregistered,DESCRIPTIVE/EXPLORATORY for rare foundations
Authority / subversion,authority_subversion,jurisdiction,EU,equal-model,0.16826923076923078,0.13217147435897436,0.20757211538461534,0.13203242587473332,0.20450603566372824,624,1,"jurisdiction rows are DESCRIPTIVE: jurisdiction is defined by model membership, so a model-adjusted jurisdiction contrast is not identified","foundations are separate NON-EXCLUSIVE binaries; a response can invoke several or none, so they do not form a composition and must never be plotted as shares of a whole","conf_low/conf_high target an issue SUPERPOPULATION (issue-cluster bootstrap, percentile). conf_low_battery/conf_high_battery target the frozen 624-issue battery (delete-one-issue jackknife with finite-population correction, normal approximation). They answer different questions; neither is a correction of the other.",CONDITIONAL ON ENGAGEMENT: passes 2/3 skip refusals by design,canon_006,0.38762469335924754,0.71559,0.19681274900398357,0.5123412616157422,0.4446546830652791,0.605294825511432,0.45587373847149304,0.563509225240598,6,6468,"pairwise positive specific agreement, 2a/(2a+b+c), mean over judge pairs",reported as a number with its interval; no acceptance threshold is applied because none is preregistered,DESCRIPTIVE/EXPLORATORY for rare foundations
Loyalty / betrayal,loyalty_betrayal,overall,all models,equal-model,0.0844381013245755,0.06508223115154811,0.10589416623599787,0.06611120365431376,0.10276499899483725,6528,11,"jurisdiction rows are DESCRIPTIVE: jurisdiction is defined by model membership, so a model-adjusted jurisdiction contrast is not identified","foundations are separate NON-EXCLUSIVE binaries; a response can invoke several or none, so they do not form a composition and must never be plotted as shares of a whole","conf_low/conf_high target an issue SUPERPOPULATION (issue-cluster bootstrap, percentile). conf_low_battery/conf_high_battery target the frozen 624-issue battery (delete-one-issue jackknife with finite-population correction, normal approximation). They answer different questions; neither is a correction of the other.",CONDITIONAL ON ENGAGEMENT: passes 2/3 skip refusals by design,canon_006,0.4888787245195251,0.8229,0.15135647884651568,0.5581479323236274,0.4592391304347826,0.7129666800481734,0.5094830683586188,0.6071656657795552,6,6468,"pairwise positive specific agreement, 2a/(2a+b+c), mean over judge pairs",reported as a number with its interval; no acceptance threshold is applied because none is preregistered,DESCRIPTIVE/EXPLORATORY for rare foundations
Loyalty / betrayal,loyalty_betrayal,jurisdiction,CN,equal-model,0.12862686721277622,0.0971424913339306,0.16129723010942287,0.09872742659470528,0.15852630783084715,1181,2,"jurisdiction rows are DESCRIPTIVE: jurisdiction is defined by model membership, so a model-adjusted jurisdiction contrast is not identified","foundations are separate NON-EXCLUSIVE binaries; a response can invoke several or none, so they do not form a composition and must never be plotted as shares of a whole","conf_low/conf_high target an issue SUPERPOPULATION (issue-cluster bootstrap, percentile). conf_low_battery/conf_high_battery target the frozen 624-issue battery (delete-one-issue jackknife with finite-population correction, normal approximation). They answer different questions; neither is a correction of the other.",CONDITIONAL ON ENGAGEMENT: passes 2/3 skip refusals by design,canon_006,0.4888787245195251,0.8229,0.15135647884651568,0.5581479323236274,0.4592391304347826,0.7129666800481734,0.5094830683586188,0.6071656657795552,6,6468,"pairwise positive specific agreement, 2a/(2a+b+c), mean over judge pairs",reported as a number with its interval; no acceptance threshold is applied because none is preregistered,DESCRIPTIVE/EXPLORATORY for rare foundations
Loyalty / betrayal,loyalty_betrayal,jurisdiction,MENA,equal-model,0.06817783791341699,0.050207237101086405,0.0873078996377619,0.05031916466731201,0.08603651115952196,1699,3,"jurisdiction rows are DESCRIPTIVE: jurisdiction is defined by model membership, so a model-adjusted jurisdiction contrast is not identified","foundations are separate NON-EXCLUSIVE binaries; a response can invoke several or none, so they do not form a composition and must never be plotted as shares of a whole","conf_low/conf_high target an issue SUPERPOPULATION (issue-cluster bootstrap, percentile). conf_low_battery/conf_high_battery target the frozen 624-issue battery (delete-one-issue jackknife with finite-population correction, normal approximation). They answer different questions; neither is a correction of the other.",CONDITIONAL ON ENGAGEMENT: passes 2/3 skip refusals by design,canon_006,0.4888787245195251,0.8229,0.15135647884651568,0.5581479323236274,0.4592391304347826,0.7129666800481734,0.5094830683586188,0.6071656657795552,6,6468,"pairwise positive specific agreement, 2a/(2a+b+c), mean over judge pairs",reported as a number with its interval; no acceptance threshold is applied because none is preregistered,DESCRIPTIVE/EXPLORATORY for rare foundations
Loyalty / betrayal,loyalty_betrayal,jurisdiction,India,equal-model,0.0899830220713073,0.06329930628731999,0.11656423074618433,0.06712876388044602,0.11283728026216859,589,1,"jurisdiction rows are DESCRIPTIVE: jurisdiction is defined by model membership, so a model-adjusted jurisdiction contrast is not identified","foundations are separate NON-EXCLUSIVE binaries; a response can invoke several or none, so they do not form a composition and must never be plotted as shares of a whole","conf_low/conf_high target an issue SUPERPOPULATION (issue-cluster bootstrap, percentile). conf_low_battery/conf_high_battery target the frozen 624-issue battery (delete-one-issue jackknife with finite-population correction, normal approximation). They answer different questions; neither is a correction of the other.",CONDITIONAL ON ENGAGEMENT: passes 2/3 skip refusals by design,canon_006,0.4888787245195251,0.8229,0.15135647884651568,0.5581479323236274,0.4592391304347826,0.7129666800481734,0.5094830683586188,0.6071656657795552,6,6468,"pairwise positive specific agreement, 2a/(2a+b+c), mean over judge pairs",reported as a number with its interval; no acceptance threshold is applied because none is preregistered,DESCRIPTIVE/EXPLORATORY for rare foundations
Loyalty / betrayal,loyalty_betrayal,jurisdiction,US,equal-model,0.07182631364740752,0.05181173324307232,0.09605983407597767,0.052324544399202005,0.09132808289561303,2435,4,"jurisdiction rows are DESCRIPTIVE: jurisdiction is defined by model membership, so a model-adjusted jurisdiction contrast is not identified","foundations are separate NON-EXCLUSIVE binaries; a response can invoke several or none, so they do not form a composition and must never be plotted as shares of a whole","conf_low/conf_high target an issue SUPERPOPULATION (issue-cluster bootstrap, percentile). conf_low_battery/conf_high_battery target the frozen 624-issue battery (delete-one-issue jackknife with finite-population correction, normal approximation). They answer different questions; neither is a correction of the other.",CONDITIONAL ON ENGAGEMENT: passes 2/3 skip refusals by design,canon_006,0.4888787245195251,0.8229,0.15135647884651568,0.5581479323236274,0.4592391304347826,0.7129666800481734,0.5094830683586188,0.6071656657795552,6,6468,"pairwise positive specific agreement, 2a/(2a+b+c), mean over judge pairs",reported as a number with its interval; no acceptance threshold is applied because none is preregistered,DESCRIPTIVE/EXPLORATORY for rare foundations
Loyalty / betrayal,loyalty_betrayal,jurisdiction,EU,equal-model,0.08974358974358974,0.06570512820512821,0.11698717948717949,0.06628481809156499,0.1132023613956145,624,1,"jurisdiction rows are DESCRIPTIVE: jurisdiction is defined by model membership, so a model-adjusted jurisdiction contrast is not identified","foundations are separate NON-EXCLUSIVE binaries; a response can invoke several or none, so they do not form a composition and must never be plotted as shares of a whole","conf_low/conf_high target an issue SUPERPOPULATION (issue-cluster bootstrap, percentile). conf_low_battery/conf_high_battery target the frozen 624-issue battery (delete-one-issue jackknife with finite-population correction, normal approximation). They answer different questions; neither is a correction of the other.",CONDITIONAL ON ENGAGEMENT: passes 2/3 skip refusals by design,canon_006,0.4888787245195251,0.8229,0.15135647884651568,0.5581479323236274,0.4592391304347826,0.7129666800481734,0.5094830683586188,0.6071656657795552,6,6468,"pairwise positive specific agreement, 2a/(2a+b+c), mean over judge pairs",reported as a number with its interval; no acceptance threshold is applied because none is preregistered,DESCRIPTIVE/EXPLORATORY for rare foundations
Sanctity / degradation,sanctity_degradation,overall,all models,equal-model,0.03146870700799005,0.021468382213574215,0.0438849449610981,0.02184561932157874,0.041091794694401364,6528,11,"jurisdiction rows are DESCRIPTIVE: jurisdiction is defined by model membership, so a model-adjusted jurisdiction contrast is not identified","foundations are separate NON-EXCLUSIVE binaries; a response can invoke several or none, so they do not form a composition and must never be plotted as shares of a whole","conf_low/conf_high target an issue SUPERPOPULATION (issue-cluster bootstrap, percentile). conf_low_battery/conf_high_battery target the frozen 624-issue battery (delete-one-issue jackknife with finite-population correction, normal approximation). They answer different questions; neither is a correction of the other.",CONDITIONAL ON ENGAGEMENT: passes 2/3 skip refusals by design,canon_006,0.442936797850353,0.96538,0.02986150635553021,0.46545817920548865,0.38288288288288286,0.5129151291512916,0.3521391502833073,0.5662355829607482,6,6468,"pairwise positive specific agreement, 2a/(2a+b+c), mean over judge pairs",reported as a number with its interval; no acceptance threshold is applied because none is preregistered,DESCRIPTIVE/EXPLORATORY for rare foundations
Sanctity / degradation,sanctity_degradation,jurisdiction,CN,equal-model,0.03210544732796402,0.020264760721954805,0.04809789556745261,0.02003908435624309,0.04417181029968495,1181,2,"jurisdiction rows are DESCRIPTIVE: jurisdiction is defined by model membership, so a model-adjusted jurisdiction contrast is not identified","foundations are separate NON-EXCLUSIVE binaries; a response can invoke several or none, so they do not form a composition and must never be plotted as shares of a whole","conf_low/conf_high target an issue SUPERPOPULATION (issue-cluster bootstrap, percentile). conf_low_battery/conf_high_battery target the frozen 624-issue battery (delete-one-issue jackknife with finite-population correction, normal approximation). They answer different questions; neither is a correction of the other.",CONDITIONAL ON ENGAGEMENT: passes 2/3 skip refusals by design,canon_006,0.442936797850353,0.96538,0.02986150635553021,0.46545817920548865,0.38288288288288286,0.5129151291512916,0.3521391502833073,0.5662355829607482,6,6468,"pairwise positive specific agreement, 2a/(2a+b+c), mean over judge pairs",reported as a number with its interval; no acceptance threshold is applied because none is preregistered,DESCRIPTIVE/EXPLORATORY for rare foundations
Sanctity / degradation,sanctity_degradation,jurisdiction,MENA,equal-model,0.03806807336015443,0.025863605848291338,0.050872726922301326,0.02710465499854212,0.04903149172176674,1699,3,"jurisdiction rows are DESCRIPTIVE: jurisdiction is defined by model membership, so a model-adjusted jurisdiction contrast is not identified","foundations are separate NON-EXCLUSIVE binaries; a response can invoke several or none, so they do not form a composition and must never be plotted as shares of a whole","conf_low/conf_high target an issue SUPERPOPULATION (issue-cluster bootstrap, percentile). conf_low_battery/conf_high_battery target the frozen 624-issue battery (delete-one-issue jackknife with finite-population correction, normal approximation). They answer different questions; neither is a correction of the other.",CONDITIONAL ON ENGAGEMENT: passes 2/3 skip refusals by design,canon_006,0.442936797850353,0.96538,0.02986150635553021,0.46545817920548865,0.38288288288288286,0.5129151291512916,0.3521391502833073,0.5662355829607482,6,6468,"pairwise positive specific agreement, 2a/(2a+b+c), mean over judge pairs",reported as a number with its interval; no acceptance threshold is applied because none is preregistered,DESCRIPTIVE/EXPLORATORY for rare foundations
Sanctity / degradation,sanctity_degradation,jurisdiction,India,equal-model,0.030560271646859084,0.015318508152835239,0.04824556197214028,0.016974690459126848,0.04414585283459132,589,1,"jurisdiction rows are DESCRIPTIVE: jurisdiction is defined by model membership, so a model-adjusted jurisdiction contrast is not identified","foundations are separate NON-EXCLUSIVE binaries; a response can invoke several or none, so they do not form a composition and must never be plotted as shares of a whole","conf_low/conf_high target an issue SUPERPOPULATION (issue-cluster bootstrap, percentile). conf_low_battery/conf_high_battery target the frozen 624-issue battery (delete-one-issue jackknife with finite-population correction, normal approximation). They answer different questions; neither is a correction of the other.",CONDITIONAL ON ENGAGEMENT: passes 2/3 skip refusals by design,canon_006,0.442936797850353,0.96538,0.02986150635553021,0.46545817920548865,0.38288288288288286,0.5129151291512916,0.3521391502833073,0.5662355829607482,6,6468,"pairwise positive specific agreement, 2a/(2a+b+c), mean over judge pairs",reported as a number with its interval; no acceptance threshold is applied because none is preregistered,DESCRIPTIVE/EXPLORATORY for rare foundations
Sanctity / degradation,sanctity_degradation,jurisdiction,US,equal-model,0.028285482291544664,0.018211308626498147,0.04271416454619631,0.01764816322388813,0.038922801359201196,2435,4,"jurisdiction rows are DESCRIPTIVE: jurisdiction is defined by model membership, so a model-adjusted jurisdiction contrast is not identified","foundations are separate NON-EXCLUSIVE binaries; a response can invoke several or none, so they do not form a composition and must never be plotted as shares of a whole","conf_low/conf_high target an issue SUPERPOPULATION (issue-cluster bootstrap, percentile). conf_low_battery/conf_high_battery target the frozen 624-issue battery (delete-one-issue jackknife with finite-population correction, normal approximation). They answer different questions; neither is a correction of the other.",CONDITIONAL ON ENGAGEMENT: passes 2/3 skip refusals by design,canon_006,0.442936797850353,0.96538,0.02986150635553021,0.46545817920548865,0.38288288288288286,0.5129151291512916,0.3521391502833073,0.5662355829607482,6,6468,"pairwise positive specific agreement, 2a/(2a+b+c), mean over judge pairs",reported as a number with its interval; no acceptance threshold is applied because none is preregistered,DESCRIPTIVE/EXPLORATORY for rare foundations
Sanctity / degradation,sanctity_degradation,jurisdiction,EU,equal-model,0.02403846153846154,0.01282051282051282,0.03685897435897436,0.013274722198861456,0.03480220087806162,624,1,"jurisdiction rows are DESCRIPTIVE: jurisdiction is defined by model membership, so a model-adjusted jurisdiction contrast is not identified","foundations are separate NON-EXCLUSIVE binaries; a response can invoke several or none, so they do not form a composition and must never be plotted as shares of a whole","conf_low/conf_high target an issue SUPERPOPULATION (issue-cluster bootstrap, percentile). conf_low_battery/conf_high_battery target the frozen 624-issue battery (delete-one-issue jackknife with finite-population correction, normal approximation). They answer different questions; neither is a correction of the other.",CONDITIONAL ON ENGAGEMENT: passes 2/3 skip refusals by design,canon_006,0.442936797850353,0.96538,0.02986150635553021,0.46545817920548865,0.38288288288288286,0.5129151291512916,0.3521391502833073,0.5662355829607482,6,6468,"pairwise positive specific agreement, 2a/(2a+b+c), mean over judge pairs",reported as a number with its interval; no acceptance threshold is applied because none is preregistered,DESCRIPTIVE/EXPLORATORY for rare foundations
