jurisdiction,home_status,n,n_issues,outcome,events,rate,quantity,estimate,estimate_pp,weighting,conf_low,conf_high,conf_low_pp,conf_high_pp,interval_reliable,replicate_failure_rate,outcome_role,sample,estimand,general_handling,causal_interpretation,canonical_run_id
CN,away,8320,416,genuine_refusal,350,0.042067307692307696,observed rate,0.042067307692307696,4.206730769230769,response,NA,NA,NA,NA,NA,NA,primary,English,raw response-cell rate,general is separate and never away,none,canon_019
CN,away,8320,416,capability_failure,439,0.05276442307692308,observed rate,0.05276442307692308,5.2764423076923075,response,NA,NA,NA,NA,NA,NA,diagnostic,English,raw response-cell rate,general is separate and never away,none,canon_019
CN,general,2080,104,genuine_refusal,65,0.03125,observed rate,0.03125,3.125,response,NA,NA,NA,NA,NA,NA,primary,English,raw response-cell rate,general is separate and never away,none,canon_019
CN,general,2080,104,capability_failure,72,0.03461538461538462,observed rate,0.03461538461538462,3.4615384615384617,response,NA,NA,NA,NA,NA,NA,diagnostic,English,raw response-cell rate,general is separate and never away,none,canon_019
CN,home,2080,104,genuine_refusal,208,0.1,observed rate,0.1,10,response,NA,NA,NA,NA,NA,NA,primary,English,raw response-cell rate,general is separate and never away,none,canon_019
CN,home,2080,104,capability_failure,219,0.10528846153846154,observed rate,0.10528846153846154,10.528846153846153,response,NA,NA,NA,NA,NA,NA,diagnostic,English,raw response-cell rate,general is separate and never away,none,canon_019
EU,away,3328,416,genuine_refusal,1,3.0048076923076925e-4,observed rate,3.0048076923076925e-4,0.030048076923076924,response,NA,NA,NA,NA,NA,NA,primary,English,raw response-cell rate,general is separate and never away,none,canon_019
EU,away,3328,416,capability_failure,2,6.009615384615385e-4,observed rate,6.009615384615385e-4,0.06009615384615385,response,NA,NA,NA,NA,NA,NA,diagnostic,English,raw response-cell rate,general is separate and never away,none,canon_019
EU,general,832,104,genuine_refusal,1,0.001201923076923077,observed rate,0.001201923076923077,0.1201923076923077,response,NA,NA,NA,NA,NA,NA,primary,English,raw response-cell rate,general is separate and never away,none,canon_019
EU,general,832,104,capability_failure,0,0,observed rate,0,0,response,NA,NA,NA,NA,NA,NA,diagnostic,English,raw response-cell rate,general is separate and never away,none,canon_019
EU,home,832,104,genuine_refusal,1,0.001201923076923077,observed rate,0.001201923076923077,0.1201923076923077,response,NA,NA,NA,NA,NA,NA,primary,English,raw response-cell rate,general is separate and never away,none,canon_019
EU,home,832,104,capability_failure,0,0,observed rate,0,0,response,NA,NA,NA,NA,NA,NA,diagnostic,English,raw response-cell rate,general is separate and never away,none,canon_019
India,away,1660,416,genuine_refusal,106,0.06385542168674699,observed rate,0.06385542168674699,6.385542168674699,response,NA,NA,NA,NA,NA,NA,primary,English,raw response-cell rate,general is separate and never away,none,canon_019
India,away,1660,416,capability_failure,4,0.0024096385542168677,observed rate,0.0024096385542168677,0.24096385542168677,response,NA,NA,NA,NA,NA,NA,diagnostic,English,raw response-cell rate,general is separate and never away,none,canon_019
India,general,414,104,genuine_refusal,15,0.036231884057971016,observed rate,0.036231884057971016,3.6231884057971016,response,NA,NA,NA,NA,NA,NA,primary,English,raw response-cell rate,general is separate and never away,none,canon_019
India,general,414,104,capability_failure,1,0.0024154589371980675,observed rate,0.0024154589371980675,0.24154589371980675,response,NA,NA,NA,NA,NA,NA,diagnostic,English,raw response-cell rate,general is separate and never away,none,canon_019
India,home,416,104,genuine_refusal,33,0.07932692307692307,observed rate,0.07932692307692307,7.9326923076923075,response,NA,NA,NA,NA,NA,NA,primary,English,raw response-cell rate,general is separate and never away,none,canon_019
India,home,416,104,capability_failure,1,0.002403846153846154,observed rate,0.002403846153846154,0.2403846153846154,response,NA,NA,NA,NA,NA,NA,diagnostic,English,raw response-cell rate,general is separate and never away,none,canon_019
MENA,away,4992,416,genuine_refusal,175,0.035056089743589744,observed rate,0.035056089743589744,3.5056089743589745,response,NA,NA,NA,NA,NA,NA,primary,English,raw response-cell rate,general is separate and never away,none,canon_019
MENA,away,4992,416,capability_failure,761,0.15244391025641027,observed rate,0.15244391025641027,15.244391025641027,response,NA,NA,NA,NA,NA,NA,diagnostic,English,raw response-cell rate,general is separate and never away,none,canon_019
MENA,general,1248,104,genuine_refusal,42,0.03365384615384615,observed rate,0.03365384615384615,3.3653846153846154,response,NA,NA,NA,NA,NA,NA,primary,English,raw response-cell rate,general is separate and never away,none,canon_019
MENA,general,1248,104,capability_failure,159,0.12740384615384615,observed rate,0.12740384615384615,12.740384615384615,response,NA,NA,NA,NA,NA,NA,diagnostic,English,raw response-cell rate,general is separate and never away,none,canon_019
MENA,home,1248,104,genuine_refusal,87,0.06971153846153846,observed rate,0.06971153846153846,6.971153846153847,response,NA,NA,NA,NA,NA,NA,primary,English,raw response-cell rate,general is separate and never away,none,canon_019
MENA,home,1248,104,capability_failure,169,0.13541666666666666,observed rate,0.13541666666666666,13.541666666666666,response,NA,NA,NA,NA,NA,NA,diagnostic,English,raw response-cell rate,general is separate and never away,none,canon_019
US,away,11647,416,genuine_refusal,269,0.023096076242809307,observed rate,0.023096076242809307,2.3096076242809307,response,NA,NA,NA,NA,NA,NA,primary,English,raw response-cell rate,general is separate and never away,none,canon_019
US,away,11647,416,capability_failure,40,0.003434360779599897,observed rate,0.003434360779599897,0.3434360779599897,response,NA,NA,NA,NA,NA,NA,diagnostic,English,raw response-cell rate,general is separate and never away,none,canon_019
US,general,2912,104,genuine_refusal,40,0.013736263736263736,observed rate,0.013736263736263736,1.3736263736263736,response,NA,NA,NA,NA,NA,NA,primary,English,raw response-cell rate,general is separate and never away,none,canon_019
US,general,2912,104,capability_failure,3,0.0010302197802197802,observed rate,0.0010302197802197802,0.10302197802197803,response,NA,NA,NA,NA,NA,NA,diagnostic,English,raw response-cell rate,general is separate and never away,none,canon_019
US,home,2912,104,genuine_refusal,36,0.012362637362637362,observed rate,0.012362637362637362,1.2362637362637363,response,NA,NA,NA,NA,NA,NA,primary,English,raw response-cell rate,general is separate and never away,none,canon_019
US,home,2912,104,capability_failure,9,0.0030906593406593405,observed rate,0.0030906593406593405,0.3090659340659341,response,NA,NA,NA,NA,NA,NA,diagnostic,English,raw response-cell rate,general is separate and never away,none,canon_019
CN,NA,10400,520,genuine_refusal,NA,NA,home minus away,0.057932692307692144,5.793269230769214,equal model,0.036418514412417155,0.08039638726026843,3.6418514412417156,8.039638726026844,TRUE,0,primary,English,unadjusted equal-model home-minus-away difference,general is separate and never away,none,canon_019
CN,NA,10400,520,capability_failure,NA,NA,home minus away,0.05252403846153832,5.252403846153832,equal model,0.03732626604347675,0.0711788877959113,3.732626604347675,7.11788877959113,TRUE,0,diagnostic,English,unadjusted equal-model home-minus-away difference,general is separate and never away,none,canon_019
MENA,NA,6240,520,genuine_refusal,NA,NA,home minus away,0.034655448717948685,3.4655448717948687,equal model,0.01411793146899792,0.05613054695562456,1.411793146899792,5.6130546955624565,TRUE,0,primary,English,unadjusted equal-model home-minus-away difference,general is separate and never away,none,canon_019
MENA,NA,6240,520,capability_failure,NA,NA,home minus away,-0.017027243589743446,-1.7027243589743446,equal model,-0.033395183503463044,0.00345679307037583,-3.3395183503463044,0.345679307037583,TRUE,0,diagnostic,English,unadjusted equal-model home-minus-away difference,general is separate and never away,none,canon_019
India,NA,2076,520,genuine_refusal,NA,NA,home minus away,0.015471501390176168,1.5471501390176168,equal model,-0.014301617972074703,0.04705956877478332,-1.4301617972074703,4.705956877478331,TRUE,0,primary,English,unadjusted equal-model home-minus-away difference,general is separate and never away,none,canon_019
India,NA,2076,520,capability_failure,NA,NA,home minus away,-5.7924003707137024e-06,-5.792400370713702e-4,equal model,-0.004169668591090892,0.005813993577926968,-0.4169668591090892,0.5813993577926968,TRUE,0,diagnostic,English,unadjusted equal-model home-minus-away difference,general is separate and never away,none,canon_019
US,NA,14559,520,genuine_refusal,NA,NA,home minus away,-0.010731869040460374,-1.0731869040460373,equal model,-0.017208089039323846,-0.004501440327370605,-1.7208089039323846,-0.4501440327370605,TRUE,0,primary,English,unadjusted equal-model home-minus-away difference,general is separate and never away,none,canon_019
US,NA,14559,520,capability_failure,NA,NA,home minus away,-3.4356146709574363e-4,-0.03435614670957436,equal model,-0.002692258732658695,0.0024711700108237234,-0.2692258732658695,0.24711700108237233,TRUE,0,diagnostic,English,unadjusted equal-model home-minus-away difference,general is separate and never away,none,canon_019
EU,NA,4160,520,genuine_refusal,NA,NA,home minus away,9.014423076923077e-4,0.09014423076923077,equal model,-8.865248226950354e-4,0.00375085077204388,-0.08865248226950355,0.375085077204388,TRUE,0,primary,English,unadjusted equal-model home-minus-away difference,general is separate and never away,none,canon_019
EU,NA,4160,520,capability_failure,NA,NA,home minus away,-6.009615384615385e-4,-0.06009615384615385,equal model,-0.001500692474866261,0,-0.1500692474866261,0,TRUE,0,diagnostic,English,unadjusted equal-model home-minus-away difference,general is separate and never away,none,canon_019
