sensitivity,change_class,target_changed,jurisdiction,level,estimate_pp,conf_low_pp,conf_high_pp,primary_pp,difference_from_primary_pp,n,n_issues,n_models,events_home,events_away,estimable,plottable,interval_reliable,replicate_failure_rate,glm_warnings,separation_detected,canonical_run_id,weighting,estimate,conf_low,conf_high,note.x,outcome,estimator,separation_blocking,separation_reason,observed_fit_extreme_weight,counterfactual_extreme_weight,estimand,causal_interpretation,sample,note.y,primary_estimable,estimable_flag_note,difference_note
functional_form,"A. estimator, same target",FALSE,CN,home x domain,NA,NA,NA,16.47950003466695,NA,4160,520,2,NA,NA,FALSE,FALSE,NA,NA,NA,NA,canon_012,nested,NA,NA,NA,interaction not estimable: a level lacks one arm,NA,NA,NA,NA,NA,NA,covariate-standardized home-region refusal contrast (sensitivity),"covariate-standardized home-region refusal contrast; NOT causal, NOT a difference-in-differences, NOT a within-issue effect; adjustment controls measured composition only and cannot remove unmeasured differences between home and away issues",English,alternative adjustment terms for the same standardized contrast,TRUE,`estimable` means a fit was attempted; `plottable` means a point AND an interval exist. Five functional-form rows are estimable = TRUE with no estimate.,"difference_from_primary_pp is a DIFFERENCE OF POINT ESTIMATES. No interval is given for it: subtracting marginal endpoints is not a paired contrast, and the paired issue bootstrap that would be required is not run for these rows."
functional_form,"A. estimator, same target",FALSE,CN,home x route_f,NA,NA,NA,16.47950003466695,NA,4160,520,2,NA,NA,FALSE,FALSE,NA,NA,NA,NA,canon_012,nested,NA,NA,NA,interaction not estimable: a level lacks one arm,NA,NA,NA,NA,NA,NA,covariate-standardized home-region refusal contrast (sensitivity),"covariate-standardized home-region refusal contrast; NOT causal, NOT a difference-in-differences, NOT a within-issue effect; adjustment controls measured composition only and cannot remove unmeasured differences between home and away issues",English,alternative adjustment terms for the same standardized contrast,TRUE,`estimable` means a fit was attempted; `plottable` means a point AND an interval exist. Five functional-form rows are estimable = TRUE with no estimate.,"difference_from_primary_pp is a DIFFERENCE OF POINT ESTIMATES. No interval is given for it: subtracting marginal endpoints is not a paired contrast, and the paired issue bootstrap that would be required is not run for these rows."
functional_form,"A. estimator, same target",FALSE,MENA,home x domain,NA,NA,NA,3.755812762623567,NA,6240,520,3,NA,NA,TRUE,FALSE,NA,NA,NA,NA,canon_012,nested,0.02868367595933313,0.00786198140615397,0.04727299740910819,UNRELIABLE: 47.2% of draws undefined,NA,NA,NA,NA,NA,NA,covariate-standardized home-region refusal contrast (sensitivity),"covariate-standardized home-region refusal contrast; NOT causal, NOT a difference-in-differences, NOT a within-issue effect; adjustment controls measured composition only and cannot remove unmeasured differences between home and away issues",English,alternative adjustment terms for the same standardized contrast,TRUE,`estimable` means a fit was attempted; `plottable` means a point AND an interval exist. Five functional-form rows are estimable = TRUE with no estimate.,"difference_from_primary_pp is a DIFFERENCE OF POINT ESTIMATES. No interval is given for it: subtracting marginal endpoints is not a paired contrast, and the paired issue bootstrap that would be required is not run for these rows."
functional_form,"A. estimator, same target",FALSE,MENA,home x route_f,NA,NA,NA,3.755812762623567,NA,6240,520,3,NA,NA,TRUE,FALSE,NA,NA,NA,NA,canon_012,nested,0.029322396096457322,0.004306596260554565,0.057806530650583415,,NA,NA,NA,NA,NA,NA,covariate-standardized home-region refusal contrast (sensitivity),"covariate-standardized home-region refusal contrast; NOT causal, NOT a difference-in-differences, NOT a within-issue effect; adjustment controls measured composition only and cannot remove unmeasured differences between home and away issues",English,alternative adjustment terms for the same standardized contrast,TRUE,`estimable` means a fit was attempted; `plottable` means a point AND an interval exist. Five functional-form rows are estimable = TRUE with no estimate.,"difference_from_primary_pp is a DIFFERENCE OF POINT ESTIMATES. No interval is given for it: subtracting marginal endpoints is not a paired contrast, and the paired issue bootstrap that would be required is not run for these rows."
functional_form,"A. estimator, same target",FALSE,India,home x domain,NA,NA,NA,-3.0681781328540083,NA,2076,520,1,NA,NA,FALSE,FALSE,NA,NA,NA,NA,canon_012,nested,NA,NA,NA,interaction not estimable: a level lacks one arm,NA,NA,NA,NA,NA,NA,covariate-standardized home-region refusal contrast (sensitivity),"covariate-standardized home-region refusal contrast; NOT causal, NOT a difference-in-differences, NOT a within-issue effect; adjustment controls measured composition only and cannot remove unmeasured differences between home and away issues",English,alternative adjustment terms for the same standardized contrast,TRUE,`estimable` means a fit was attempted; `plottable` means a point AND an interval exist. Five functional-form rows are estimable = TRUE with no estimate.,"difference_from_primary_pp is a DIFFERENCE OF POINT ESTIMATES. No interval is given for it: subtracting marginal endpoints is not a paired contrast, and the paired issue bootstrap that would be required is not run for these rows."
functional_form,"A. estimator, same target",FALSE,India,home x route_f,NA,NA,NA,-3.0681781328540083,NA,2076,520,1,NA,NA,TRUE,FALSE,NA,NA,NA,NA,canon_012,nested,-0.003935538550085393,-0.054521166481368524,0.06802547505753995,,NA,NA,NA,NA,NA,NA,covariate-standardized home-region refusal contrast (sensitivity),"covariate-standardized home-region refusal contrast; NOT causal, NOT a difference-in-differences, NOT a within-issue effect; adjustment controls measured composition only and cannot remove unmeasured differences between home and away issues",English,alternative adjustment terms for the same standardized contrast,TRUE,`estimable` means a fit was attempted; `plottable` means a point AND an interval exist. Five functional-form rows are estimable = TRUE with no estimate.,"difference_from_primary_pp is a DIFFERENCE OF POINT ESTIMATES. No interval is given for it: subtracting marginal endpoints is not a paired contrast, and the paired issue bootstrap that would be required is not run for these rows."
functional_form,"A. estimator, same target",FALSE,US,home x domain,NA,NA,NA,1.879257372329217,NA,8319,520,4,NA,NA,TRUE,FALSE,NA,NA,NA,NA,canon_012,nested,0.015598720041774788,-0.013254825086627668,0.04462974288520956,UNRELIABLE: 16.8% of draws undefined,NA,NA,NA,NA,NA,NA,covariate-standardized home-region refusal contrast (sensitivity),"covariate-standardized home-region refusal contrast; NOT causal, NOT a difference-in-differences, NOT a within-issue effect; adjustment controls measured composition only and cannot remove unmeasured differences between home and away issues",English,alternative adjustment terms for the same standardized contrast,TRUE,`estimable` means a fit was attempted; `plottable` means a point AND an interval exist. Five functional-form rows are estimable = TRUE with no estimate.,"difference_from_primary_pp is a DIFFERENCE OF POINT ESTIMATES. No interval is given for it: subtracting marginal endpoints is not a paired contrast, and the paired issue bootstrap that would be required is not run for these rows."
functional_form,"A. estimator, same target",FALSE,US,home x route_f,NA,NA,NA,1.879257372329217,NA,8319,520,4,NA,NA,TRUE,FALSE,NA,NA,NA,NA,canon_012,nested,0.02620784760337601,-0.0018905404728396017,0.05779863964689197,,NA,NA,NA,NA,NA,NA,covariate-standardized home-region refusal contrast (sensitivity),"covariate-standardized home-region refusal contrast; NOT causal, NOT a difference-in-differences, NOT a within-issue effect; adjustment controls measured composition only and cannot remove unmeasured differences between home and away issues",English,alternative adjustment terms for the same standardized contrast,TRUE,`estimable` means a fit was attempted; `plottable` means a point AND an interval exist. Five functional-form rows are estimable = TRUE with no estimate.,"difference_from_primary_pp is a DIFFERENCE OF POINT ESTIMATES. No interval is given for it: subtracting marginal endpoints is not a paired contrast, and the paired issue bootstrap that would be required is not run for these rows."
leave_one_model_out,D. model roster,TRUE,CN,drop_deepseek-chat-v3.1,17.556831595647864,9.40250620611211,28.067052023133076,16.47950003466695,1.077331560980916,2080,520,1,91,76,TRUE,TRUE,TRUE,0,,TRUE,canon_012,nested,0.17556831595647865,0.09402506206112109,0.28067052023133077,,refused_strict,maximum likelihood,FALSE,SE > 25; 64 fitted probabilities at 0 or 1,0.030769230769230715,0.030769230769230715,covariate-standardized home-region refusal contrast (sensitivity),"covariate-standardized home-region refusal contrast; NOT causal, NOT a difference-in-differences, NOT a within-issue effect; adjustment controls measured composition only and cannot remove unmeasured differences between home and away issues",English,"drops a model, so the equal-model target is over a different roster",TRUE,`estimable` means a fit was attempted; `plottable` means a point AND an interval exist. Five functional-form rows are estimable = TRUE with no estimate.,"difference_from_primary_pp is a DIFFERENCE OF POINT ESTIMATES. No interval is given for it: subtracting marginal endpoints is not a paired contrast, and the paired issue bootstrap that would be required is not run for these rows."
leave_one_model_out,D. model roster,TRUE,CN,drop_qwen3-max,14.659278722540408,8.12218816554803,23.64977849978958,16.47950003466695,-1.8202213121265398,2080,520,1,72,43,TRUE,TRUE,TRUE,0,,TRUE,canon_012,nested,0.1465927872254041,0.08122188165548029,0.2364977849978958,,refused_strict,maximum likelihood,FALSE,|coef| > 15; SE > 25; 140 fitted probabilities at 0 or 1,0.06730769230769212,0.06730769230769212,covariate-standardized home-region refusal contrast (sensitivity),"covariate-standardized home-region refusal contrast; NOT causal, NOT a difference-in-differences, NOT a within-issue effect; adjustment controls measured composition only and cannot remove unmeasured differences between home and away issues",English,"drops a model, so the equal-model target is over a different roster",TRUE,`estimable` means a fit was attempted; `plottable` means a point AND an interval exist. Five functional-form rows are estimable = TRUE with no estimate.,"difference_from_primary_pp is a DIFFERENCE OF POINT ESTIMATES. No interval is given for it: subtracting marginal endpoints is not a paired contrast, and the paired issue bootstrap that would be required is not run for these rows."
leave_one_model_out,D. model roster,TRUE,MENA,drop_allam-7b,1.335375280133568,-0.4087051217826848,3.032304527157201,3.755812762623567,-2.420437482489999,4160,520,2,59,125,TRUE,TRUE,TRUE,0,,FALSE,canon_012,nested,0.013353752801335682,-0.004087051217826848,0.030323045271572008,,refused_strict,maximum likelihood,FALSE,,0,0,covariate-standardized home-region refusal contrast (sensitivity),"covariate-standardized home-region refusal contrast; NOT causal, NOT a difference-in-differences, NOT a within-issue effect; adjustment controls measured composition only and cannot remove unmeasured differences between home and away issues",English,"drops a model, so the equal-model target is over a different roster",TRUE,`estimable` means a fit was attempted; `plottable` means a point AND an interval exist. Five functional-form rows are estimable = TRUE with no estimate.,"difference_from_primary_pp is a DIFFERENCE OF POINT ESTIMATES. No interval is given for it: subtracting marginal endpoints is not a paired contrast, and the paired issue bootstrap that would be required is not run for these rows."
leave_one_model_out,D. model roster,TRUE,MENA,drop_falcon3-10b,4.610300735315338,1.61177384787747,7.765745065717332,3.755812762623567,0.8544879726917709,4160,520,2,128,294,TRUE,TRUE,TRUE,0,,FALSE,canon_012,nested,0.04610300735315338,0.0161177384787747,0.07765745065717332,,refused_strict,maximum likelihood,FALSE,,0,0,covariate-standardized home-region refusal contrast (sensitivity),"covariate-standardized home-region refusal contrast; NOT causal, NOT a difference-in-differences, NOT a within-issue effect; adjustment controls measured composition only and cannot remove unmeasured differences between home and away issues",English,"drops a model, so the equal-model target is over a different roster",TRUE,`estimable` means a fit was attempted; `plottable` means a point AND an interval exist. Five functional-form rows are estimable = TRUE with no estimate.,"difference_from_primary_pp is a DIFFERENCE OF POINT ESTIMATES. No interval is given for it: subtracting marginal endpoints is not a paired contrast, and the paired issue bootstrap that would be required is not run for these rows."
leave_one_model_out,D. model roster,TRUE,MENA,drop_jais-8b,5.377257250119576,2.2846018360299363,8.728605171450019,3.755812762623567,1.6214444874960088,4160,520,2,153,355,TRUE,TRUE,TRUE,0,,FALSE,canon_012,nested,0.053772572501195756,0.022846018360299362,0.08728605171450018,,refused_strict,maximum likelihood,FALSE,,0,0,covariate-standardized home-region refusal contrast (sensitivity),"covariate-standardized home-region refusal contrast; NOT causal, NOT a difference-in-differences, NOT a within-issue effect; adjustment controls measured composition only and cannot remove unmeasured differences between home and away issues",English,"drops a model, so the equal-model target is over a different roster",TRUE,`estimable` means a fit was attempted; `plottable` means a point AND an interval exist. Five functional-form rows are estimable = TRUE with no estimate.,"difference_from_primary_pp is a DIFFERENCE OF POINT ESTIMATES. No interval is given for it: subtracting marginal endpoints is not a paired contrast, and the paired issue bootstrap that would be required is not run for these rows."
leave_one_model_out,D. model roster,TRUE,US,drop_claude-opus-4.5,2.094175650958438,-0.24446302821631516,4.509339733374416,1.879257372329217,0.2149182786292212,6239,520,3,31,152,TRUE,TRUE,TRUE,0,,TRUE,canon_012,nested,0.02094175650958438,-0.0024446302821631515,0.04509339733374416,,refused_strict,maximum likelihood,FALSE,SE > 25; 192 fitted probabilities at 0 or 1,0.030769230769230695,0.030769230769230695,covariate-standardized home-region refusal contrast (sensitivity),"covariate-standardized home-region refusal contrast; NOT causal, NOT a difference-in-differences, NOT a within-issue effect; adjustment controls measured composition only and cannot remove unmeasured differences between home and away issues",English,"drops a model, so the equal-model target is over a different roster",TRUE,`estimable` means a fit was attempted; `plottable` means a point AND an interval exist. Five functional-form rows are estimable = TRUE with no estimate.,"difference_from_primary_pp is a DIFFERENCE OF POINT ESTIMATES. No interval is given for it: subtracting marginal endpoints is not a paired contrast, and the paired issue bootstrap that would be required is not run for these rows."
leave_one_model_out,D. model roster,TRUE,US,drop_gpt-4o,1.0789629918116321,-1.6171545335109117,3.8115169041198613,1.879257372329217,-0.8002943805175848,6240,520,3,30,196,TRUE,TRUE,TRUE,0,,TRUE,canon_012,nested,0.010789629918116321,-0.016171545335109117,0.03811516904119861,,refused_strict,maximum likelihood,FALSE,|coef| > 15; SE > 25; 876 fitted probabilities at 0 or 1,0.14038461538461494,0.14038461538461494,covariate-standardized home-region refusal contrast (sensitivity),"covariate-standardized home-region refusal contrast; NOT causal, NOT a difference-in-differences, NOT a within-issue effect; adjustment controls measured composition only and cannot remove unmeasured differences between home and away issues",English,"drops a model, so the equal-model target is over a different roster",TRUE,`estimable` means a fit was attempted; `plottable` means a point AND an interval exist. Five functional-form rows are estimable = TRUE with no estimate.,"difference_from_primary_pp is a DIFFERENCE OF POINT ESTIMATES. No interval is given for it: subtracting marginal endpoints is not a paired contrast, and the paired issue bootstrap that would be required is not run for these rows."
leave_one_model_out,D. model roster,TRUE,US,drop_gpt-5.1,2.4620481355711865,-0.3871063409939043,5.540772504770663,1.879257372329217,0.5827907632419695,6239,520,3,33,149,TRUE,TRUE,TRUE,0,,TRUE,canon_012,nested,0.024620481355711866,-0.003871063409939043,0.055407725047706635,,refused_strict,maximum likelihood,FALSE,SE > 25; 192 fitted probabilities at 0 or 1,0.030769230769230695,0.030769230769230695,covariate-standardized home-region refusal contrast (sensitivity),"covariate-standardized home-region refusal contrast; NOT causal, NOT a difference-in-differences, NOT a within-issue effect; adjustment controls measured composition only and cannot remove unmeasured differences between home and away issues",English,"drops a model, so the equal-model target is over a different roster",TRUE,`estimable` means a fit was attempted; `plottable` means a point AND an interval exist. Five functional-form rows are estimable = TRUE with no estimate.,"difference_from_primary_pp is a DIFFERENCE OF POINT ESTIMATES. No interval is given for it: subtracting marginal endpoints is not a paired contrast, and the paired issue bootstrap that would be required is not run for these rows."
leave_one_model_out,D. model roster,TRUE,US,drop_grok-4.3,1.8123048540655784,-1.1630922981325695,4.470957012387528,1.879257372329217,-0.06695251826363857,6239,520,3,35,196,TRUE,TRUE,TRUE,0,,TRUE,canon_012,nested,0.018123048540655783,-0.011630922981325696,0.044709570123875275,,refused_strict,maximum likelihood,FALSE,SE > 25; 192 fitted probabilities at 0 or 1,0.030769230769230695,0.030769230769230695,covariate-standardized home-region refusal contrast (sensitivity),"covariate-standardized home-region refusal contrast; NOT causal, NOT a difference-in-differences, NOT a within-issue effect; adjustment controls measured composition only and cannot remove unmeasured differences between home and away issues",English,"drops a model, so the equal-model target is over a different roster",TRUE,`estimable` means a fit was attempted; `plottable` means a point AND an interval exist. Five functional-form rows are estimable = TRUE with no estimate.,"difference_from_primary_pp is a DIFFERENCE OF POINT ESTIMATES. No interval is given for it: subtracting marginal endpoints is not a paired contrast, and the paired issue bootstrap that would be required is not run for these rows."
prompt_type,B. target population,TRUE,CN,regular,17.69158317129702,8.877842497579728,28.870398476103492,16.47950003466695,1.2120831366300706,2080,520,2,95,67,TRUE,TRUE,TRUE,0,,TRUE,canon_012,nested,0.17691583171297018,0.08877842497579727,0.2887039847610349,,refused_strict,maximum likelihood,FALSE,SE > 25; 64 fitted probabilities at 0 or 1,0.030769230769230715,0.030769230769230715,covariate-standardized home-region refusal contrast (sensitivity),"covariate-standardized home-region refusal contrast; NOT causal, NOT a difference-in-differences, NOT a within-issue effect; adjustment controls measured composition only and cannot remove unmeasured differences between home and away issues",English,restricts to one prompt tier,TRUE,`estimable` means a fit was attempted; `plottable` means a point AND an interval exist. Five functional-form rows are estimable = TRUE with no estimate.,"difference_from_primary_pp is a DIFFERENCE OF POINT ESTIMATES. No interval is given for it: subtracting marginal endpoints is not a paired contrast, and the paired issue bootstrap that would be required is not run for these rows."
prompt_type,B. target population,TRUE,CN,boundary,15.034549056947341,8.30678205635111,25.12808527970366,16.47950003466695,-1.444950977719607,2080,520,2,68,52,TRUE,TRUE,TRUE,0,,TRUE,canon_012,nested,0.1503454905694734,0.08306782056351111,0.2512808527970366,,refused_strict,maximum likelihood,FALSE,SE > 25; 64 fitted probabilities at 0 or 1,0.030769230769230715,0.030769230769230715,covariate-standardized home-region refusal contrast (sensitivity),"covariate-standardized home-region refusal contrast; NOT causal, NOT a difference-in-differences, NOT a within-issue effect; adjustment controls measured composition only and cannot remove unmeasured differences between home and away issues",English,restricts to one prompt tier,TRUE,`estimable` means a fit was attempted; `plottable` means a point AND an interval exist. Five functional-form rows are estimable = TRUE with no estimate.,"difference_from_primary_pp is a DIFFERENCE OF POINT ESTIMATES. No interval is given for it: subtracting marginal endpoints is not a paired contrast, and the paired issue bootstrap that would be required is not run for these rows."
prompt_type,B. target population,TRUE,MENA,regular,3.7691492660243955,0.7810891858760108,7.2188074168235445,3.755812762623567,0.01333650340082837,3120,520,3,92,203,TRUE,TRUE,TRUE,0,,FALSE,canon_012,nested,0.03769149266024396,0.0078108918587601085,0.07218807416823544,,refused_strict,maximum likelihood,FALSE,,0,0,covariate-standardized home-region refusal contrast (sensitivity),"covariate-standardized home-region refusal contrast; NOT causal, NOT a difference-in-differences, NOT a within-issue effect; adjustment controls measured composition only and cannot remove unmeasured differences between home and away issues",English,restricts to one prompt tier,TRUE,`estimable` means a fit was attempted; `plottable` means a point AND an interval exist. Five functional-form rows are estimable = TRUE with no estimate.,"difference_from_primary_pp is a DIFFERENCE OF POINT ESTIMATES. No interval is given for it: subtracting marginal endpoints is not a paired contrast, and the paired issue bootstrap that would be required is not run for these rows."
prompt_type,B. target population,TRUE,MENA,boundary,3.757532252938954,0.5324901179679024,7.1239244411875555,3.755812762623567,0.0017194903153869845,3120,520,3,78,184,TRUE,TRUE,TRUE,0,,FALSE,canon_012,nested,0.03757532252938954,0.005324901179679023,0.07123924441187555,,refused_strict,maximum likelihood,FALSE,,0,0,covariate-standardized home-region refusal contrast (sensitivity),"covariate-standardized home-region refusal contrast; NOT causal, NOT a difference-in-differences, NOT a within-issue effect; adjustment controls measured composition only and cannot remove unmeasured differences between home and away issues",English,restricts to one prompt tier,TRUE,`estimable` means a fit was attempted; `plottable` means a point AND an interval exist. Five functional-form rows are estimable = TRUE with no estimate.,"difference_from_primary_pp is a DIFFERENCE OF POINT ESTIMATES. No interval is given for it: subtracting marginal endpoints is not a paired contrast, and the paired issue bootstrap that would be required is not run for these rows."
prompt_type,B. target population,TRUE,India,regular,-1.9482676631472338,-3.5409572431563974,0.1281130375151971,-3.0681781328540083,1.1199104697067745,1036,520,1,2,21,TRUE,TRUE,TRUE,0,,TRUE,canon_012,nested,-0.019482676631472337,-0.03540957243156397,0.0012811303751519708,,refused_strict,maximum likelihood,FALSE,|coef| > 15; SE > 25; 329 fitted probabilities at 0 or 1,0.3192307692307682,0.3192307692307682,covariate-standardized home-region refusal contrast (sensitivity),"covariate-standardized home-region refusal contrast; NOT causal, NOT a difference-in-differences, NOT a within-issue effect; adjustment controls measured composition only and cannot remove unmeasured differences between home and away issues",English,restricts to one prompt tier,TRUE,`estimable` means a fit was attempted; `plottable` means a point AND an interval exist. Five functional-form rows are estimable = TRUE with no estimate.,"difference_from_primary_pp is a DIFFERENCE OF POINT ESTIMATES. No interval is given for it: subtracting marginal endpoints is not a paired contrast, and the paired issue bootstrap that would be required is not run for these rows."
prompt_type,B. target population,TRUE,India,boundary,-4.209589212116216,-8.916414518486535,0.8399492834455233,-3.0681781328540083,-1.141411079262208,1040,520,1,29,87,TRUE,TRUE,TRUE,0,,TRUE,canon_012,nested,-0.042095892121162166,-0.08916414518486535,0.008399492834455234,,refused_strict,maximum likelihood,FALSE,|coef| > 15; SE > 25; 146 fitted probabilities at 0 or 1,0.140384615384615,0.140384615384615,covariate-standardized home-region refusal contrast (sensitivity),"covariate-standardized home-region refusal contrast; NOT causal, NOT a difference-in-differences, NOT a within-issue effect; adjustment controls measured composition only and cannot remove unmeasured differences between home and away issues",English,restricts to one prompt tier,TRUE,`estimable` means a fit was attempted; `plottable` means a point AND an interval exist. Five functional-form rows are estimable = TRUE with no estimate.,"difference_from_primary_pp is a DIFFERENCE OF POINT ESTIMATES. No interval is given for it: subtracting marginal endpoints is not a paired contrast, and the paired issue bootstrap that would be required is not run for these rows."
prompt_type,B. target population,TRUE,US,regular,4.436408172920575,-0.16771237651156923,9.485871360952562,1.879257372329217,2.5571508005913577,4159,520,4,32,113,TRUE,TRUE,TRUE,0,,TRUE,canon_012,nested,0.04436408172920575,-0.0016771237651156921,0.09485871360952562,,refused_strict,maximum likelihood,FALSE,SE > 25; 128 fitted probabilities at 0 or 1,0.030769230769230688,0.030769230769230688,covariate-standardized home-region refusal contrast (sensitivity),"covariate-standardized home-region refusal contrast; NOT causal, NOT a difference-in-differences, NOT a within-issue effect; adjustment controls measured composition only and cannot remove unmeasured differences between home and away issues",English,restricts to one prompt tier,TRUE,`estimable` means a fit was attempted; `plottable` means a point AND an interval exist. Five functional-form rows are estimable = TRUE with no estimate.,"difference_from_primary_pp is a DIFFERENCE OF POINT ESTIMATES. No interval is given for it: subtracting marginal endpoints is not a paired contrast, and the paired issue bootstrap that would be required is not run for these rows."
prompt_type,B. target population,TRUE,US,boundary,-0.8465064488709857,-2.4681929693183826,1.1228965378909044,1.879257372329217,-2.7257638212002027,4160,520,4,11,118,TRUE,TRUE,TRUE,0,glm.fit: fitted probabilities numerically 0 or 1 occurred,TRUE,canon_012,nested,-0.008465064488709857,-0.024681929693183828,0.011228965378909044,,refused_strict,maximum likelihood,FALSE,|coef| > 15; SE > 25; 848 fitted probabilities at 0 or 1,0.20384615384615315,0.3826923076923064,covariate-standardized home-region refusal contrast (sensitivity),"covariate-standardized home-region refusal contrast; NOT causal, NOT a difference-in-differences, NOT a within-issue effect; adjustment controls measured composition only and cannot remove unmeasured differences between home and away issues",English,restricts to one prompt tier,TRUE,`estimable` means a fit was attempted; `plottable` means a point AND an interval exist. Five functional-form rows are estimable = TRUE with no estimate.,"difference_from_primary_pp is a DIFFERENCE OF POINT ESTIMATES. No interval is given for it: subtracting marginal endpoints is not a paired contrast, and the paired issue bootstrap that would be required is not run for these rows."
prompt_type,B. target population,TRUE,EU,regular,NA,NA,NA,NA,NA,1040,520,1,0,0,FALSE,FALSE,FALSE,NA,glm.fit: algorithm did not converge,TRUE,canon_012,nested,NA,NA,NA,0 observed events on refused_strict (complete separation),refused_strict,maximum likelihood,TRUE,did not converge; |coef| > 15; SE > 25; 1040 fitted probabilities at 0 or 1,0.9999999999999966,0.9999999999999966,covariate-standardized home-region refusal contrast (sensitivity),"covariate-standardized home-region refusal contrast; NOT causal, NOT a difference-in-differences, NOT a within-issue effect; adjustment controls measured composition only and cannot remove unmeasured differences between home and away issues",English,restricts to one prompt tier,FALSE,`estimable` means a fit was attempted; `plottable` means a point AND an interval exist. Five functional-form rows are estimable = TRUE with no estimate.,"difference_from_primary_pp is a DIFFERENCE OF POINT ESTIMATES. No interval is given for it: subtracting marginal endpoints is not a paired contrast, and the paired issue bootstrap that would be required is not run for these rows."
prompt_type,B. target population,TRUE,EU,boundary,NA,NA,NA,NA,NA,1040,520,1,0,0,FALSE,FALSE,FALSE,NA,glm.fit: algorithm did not converge,TRUE,canon_012,nested,NA,NA,NA,0 observed events on refused_strict (complete separation),refused_strict,maximum likelihood,TRUE,did not converge; |coef| > 15; SE > 25; 1040 fitted probabilities at 0 or 1,0.9999999999999966,0.9999999999999966,covariate-standardized home-region refusal contrast (sensitivity),"covariate-standardized home-region refusal contrast; NOT causal, NOT a difference-in-differences, NOT a within-issue effect; adjustment controls measured composition only and cannot remove unmeasured differences between home and away issues",English,restricts to one prompt tier,FALSE,`estimable` means a fit was attempted; `plottable` means a point AND an interval exist. Five functional-form rows are estimable = TRUE with no estimate.,"difference_from_primary_pp is a DIFFERENCE OF POINT ESTIMATES. No interval is given for it: subtracting marginal endpoints is not a paired contrast, and the paired issue bootstrap that would be required is not run for these rows."
language,B. target population,TRUE,CN,en,16.47950003466695,10.206684068077006,24.932149675694394,16.47950003466695,0,4160,520,2,163,119,TRUE,TRUE,TRUE,0,,TRUE,canon_012,nested,0.16479500034666947,0.10206684068077007,0.24932149675694393,,refused_strict,maximum likelihood,FALSE,SE > 25; 128 fitted probabilities at 0 or 1,0.030769230769230688,0.030769230769230688,covariate-standardized home-region refusal contrast (sensitivity),"covariate-standardized home-region refusal contrast; NOT causal, NOT a difference-in-differences, NOT a within-issue effect; adjustment controls measured composition only and cannot remove unmeasured differences between home and away issues",language: en,restricts to one prompt language,TRUE,`estimable` means a fit was attempted; `plottable` means a point AND an interval exist. Five functional-form rows are estimable = TRUE with no estimate.,"difference_from_primary_pp is a DIFFERENCE OF POINT ESTIMATES. No interval is given for it: subtracting marginal endpoints is not a paired contrast, and the paired issue bootstrap that would be required is not run for these rows."
language,B. target population,TRUE,CN,zh,27.97317790561027,20.27679741424429,37.26971697987766,16.47950003466695,11.493677870943323,4160,520,2,222,303,TRUE,TRUE,TRUE,0,,FALSE,canon_012,nested,0.2797317790561027,0.20276797414244288,0.37269716979877654,,refused_strict,maximum likelihood,FALSE,,0,0,covariate-standardized home-region refusal contrast (sensitivity),"covariate-standardized home-region refusal contrast; NOT causal, NOT a difference-in-differences, NOT a within-issue effect; adjustment controls measured composition only and cannot remove unmeasured differences between home and away issues",language: zh,restricts to one prompt language,TRUE,`estimable` means a fit was attempted; `plottable` means a point AND an interval exist. Five functional-form rows are estimable = TRUE with no estimate.,"difference_from_primary_pp is a DIFFERENCE OF POINT ESTIMATES. No interval is given for it: subtracting marginal endpoints is not a paired contrast, and the paired issue bootstrap that would be required is not run for these rows."
language,B. target population,TRUE,CN,ar,15.759855162978328,9.824402045606206,24.004664753851117,16.47950003466695,-0.7196448716886206,4160,520,2,108,165,TRUE,TRUE,TRUE,0,,FALSE,canon_012,nested,0.15759855162978328,0.09824402045606206,0.24004664753851118,,refused_strict,maximum likelihood,FALSE,,0,0,covariate-standardized home-region refusal contrast (sensitivity),"covariate-standardized home-region refusal contrast; NOT causal, NOT a difference-in-differences, NOT a within-issue effect; adjustment controls measured composition only and cannot remove unmeasured differences between home and away issues",language: ar,restricts to one prompt language,TRUE,`estimable` means a fit was attempted; `plottable` means a point AND an interval exist. Five functional-form rows are estimable = TRUE with no estimate.,"difference_from_primary_pp is a DIFFERENCE OF POINT ESTIMATES. No interval is given for it: subtracting marginal endpoints is not a paired contrast, and the paired issue bootstrap that would be required is not run for these rows."
language,B. target population,TRUE,CN,ru,20.786559835434208,14.1174236509222,29.40678885342055,16.47950003466695,4.307059800767259,4160,520,2,111,138,TRUE,TRUE,TRUE,0,,FALSE,canon_012,nested,0.20786559835434207,0.141174236509222,0.2940678885342055,,refused_strict,maximum likelihood,FALSE,,0,0,covariate-standardized home-region refusal contrast (sensitivity),"covariate-standardized home-region refusal contrast; NOT causal, NOT a difference-in-differences, NOT a within-issue effect; adjustment controls measured composition only and cannot remove unmeasured differences between home and away issues",language: ru,restricts to one prompt language,TRUE,`estimable` means a fit was attempted; `plottable` means a point AND an interval exist. Five functional-form rows are estimable = TRUE with no estimate.,"difference_from_primary_pp is a DIFFERENCE OF POINT ESTIMATES. No interval is given for it: subtracting marginal endpoints is not a paired contrast, and the paired issue bootstrap that would be required is not run for these rows."
language,B. target population,TRUE,CN,hi,19.03043475154786,11.150864231969738,32.85416446655498,16.47950003466695,2.55093471688091,4157,520,2,92,110,TRUE,TRUE,TRUE,0,,TRUE,canon_012,nested,0.1903043475154786,0.11150864231969738,0.32854164466554975,,refused_strict,maximum likelihood,FALSE,SE > 25; 128 fitted probabilities at 0 or 1,0.030769230769230688,0.030769230769230688,covariate-standardized home-region refusal contrast (sensitivity),"covariate-standardized home-region refusal contrast; NOT causal, NOT a difference-in-differences, NOT a within-issue effect; adjustment controls measured composition only and cannot remove unmeasured differences between home and away issues",language: hi,restricts to one prompt language,TRUE,`estimable` means a fit was attempted; `plottable` means a point AND an interval exist. Five functional-form rows are estimable = TRUE with no estimate.,"difference_from_primary_pp is a DIFFERENCE OF POINT ESTIMATES. No interval is given for it: subtracting marginal endpoints is not a paired contrast, and the paired issue bootstrap that would be required is not run for these rows."
language,B. target population,TRUE,MENA,en,3.755812762623567,1.4965716780980263,6.199246311387576,3.755812762623567,0,6240,520,3,170,387,TRUE,TRUE,TRUE,0,,FALSE,canon_012,nested,0.03755812762623567,0.014965716780980264,0.061992463113875754,,refused_strict,maximum likelihood,FALSE,,0,0,covariate-standardized home-region refusal contrast (sensitivity),"covariate-standardized home-region refusal contrast; NOT causal, NOT a difference-in-differences, NOT a within-issue effect; adjustment controls measured composition only and cannot remove unmeasured differences between home and away issues",language: en,restricts to one prompt language,TRUE,`estimable` means a fit was attempted; `plottable` means a point AND an interval exist. Five functional-form rows are estimable = TRUE with no estimate.,"difference_from_primary_pp is a DIFFERENCE OF POINT ESTIMATES. No interval is given for it: subtracting marginal endpoints is not a paired contrast, and the paired issue bootstrap that would be required is not run for these rows."
language,B. target population,TRUE,MENA,zh,2.2558393332405804,-0.12110855539440861,4.5369874593505495,3.755812762623567,-1.4999734293829867,6237,520,3,224,630,TRUE,TRUE,TRUE,0,,FALSE,canon_012,nested,0.022558393332405804,-0.0012110855539440861,0.04536987459350549,,refused_strict,maximum likelihood,FALSE,,0,0,covariate-standardized home-region refusal contrast (sensitivity),"covariate-standardized home-region refusal contrast; NOT causal, NOT a difference-in-differences, NOT a within-issue effect; adjustment controls measured composition only and cannot remove unmeasured differences between home and away issues",language: zh,restricts to one prompt language,TRUE,`estimable` means a fit was attempted; `plottable` means a point AND an interval exist. Five functional-form rows are estimable = TRUE with no estimate.,"difference_from_primary_pp is a DIFFERENCE OF POINT ESTIMATES. No interval is given for it: subtracting marginal endpoints is not a paired contrast, and the paired issue bootstrap that would be required is not run for these rows."
language,B. target population,TRUE,MENA,ar,1.7031790054076377,-0.9912831366970922,4.768386854696346,3.755812762623567,-2.0526337572159292,6240,520,3,261,831,TRUE,TRUE,TRUE,0,,FALSE,canon_012,nested,0.017031790054076377,-0.009912831366970923,0.04768386854696346,,refused_strict,maximum likelihood,FALSE,,0,0,covariate-standardized home-region refusal contrast (sensitivity),"covariate-standardized home-region refusal contrast; NOT causal, NOT a difference-in-differences, NOT a within-issue effect; adjustment controls measured composition only and cannot remove unmeasured differences between home and away issues",language: ar,restricts to one prompt language,TRUE,`estimable` means a fit was attempted; `plottable` means a point AND an interval exist. Five functional-form rows are estimable = TRUE with no estimate.,"difference_from_primary_pp is a DIFFERENCE OF POINT ESTIMATES. No interval is given for it: subtracting marginal endpoints is not a paired contrast, and the paired issue bootstrap that would be required is not run for these rows."
language,B. target population,TRUE,MENA,ru,-1.0523308539281966,-3.7046506342838708,1.6320559643353243,3.755812762623567,-4.808143616551764,6240,520,3,356,1352,TRUE,TRUE,TRUE,0,,FALSE,canon_012,nested,-0.010523308539281965,-0.03704650634283871,0.016320559643353244,,refused_strict,maximum likelihood,FALSE,,0,0,covariate-standardized home-region refusal contrast (sensitivity),"covariate-standardized home-region refusal contrast; NOT causal, NOT a difference-in-differences, NOT a within-issue effect; adjustment controls measured composition only and cannot remove unmeasured differences between home and away issues",language: ru,restricts to one prompt language,TRUE,`estimable` means a fit was attempted; `plottable` means a point AND an interval exist. Five functional-form rows are estimable = TRUE with no estimate.,"difference_from_primary_pp is a DIFFERENCE OF POINT ESTIMATES. No interval is given for it: subtracting marginal endpoints is not a paired contrast, and the paired issue bootstrap that would be required is not run for these rows."
language,B. target population,TRUE,MENA,hi,4.419739079373531,0.9465372601578055,8.337439769196672,3.755812762623567,0.6639263167499636,6238,520,3,618,2121,TRUE,TRUE,TRUE,0,,FALSE,canon_012,nested,0.04419739079373531,0.009465372601578054,0.08337439769196672,,refused_strict,maximum likelihood,FALSE,,0,0,covariate-standardized home-region refusal contrast (sensitivity),"covariate-standardized home-region refusal contrast; NOT causal, NOT a difference-in-differences, NOT a within-issue effect; adjustment controls measured composition only and cannot remove unmeasured differences between home and away issues",language: hi,restricts to one prompt language,TRUE,`estimable` means a fit was attempted; `plottable` means a point AND an interval exist. Five functional-form rows are estimable = TRUE with no estimate.,"difference_from_primary_pp is a DIFFERENCE OF POINT ESTIMATES. No interval is given for it: subtracting marginal endpoints is not a paired contrast, and the paired issue bootstrap that would be required is not run for these rows."
language,B. target population,TRUE,India,en,-3.0681781328540083,-5.881080583553836,-0.10746122171324049,-3.0681781328540083,0,2076,520,1,31,108,TRUE,TRUE,TRUE,0,,TRUE,canon_012,nested,-0.030681781328540082,-0.05881080583553836,-0.001074612217132405,,refused_strict,maximum likelihood,FALSE,|coef| > 15; SE > 25; 289 fitted probabilities at 0 or 1,0.14038461538461494,0.14038461538461494,covariate-standardized home-region refusal contrast (sensitivity),"covariate-standardized home-region refusal contrast; NOT causal, NOT a difference-in-differences, NOT a within-issue effect; adjustment controls measured composition only and cannot remove unmeasured differences between home and away issues",language: en,restricts to one prompt language,TRUE,`estimable` means a fit was attempted; `plottable` means a point AND an interval exist. Five functional-form rows are estimable = TRUE with no estimate.,"difference_from_primary_pp is a DIFFERENCE OF POINT ESTIMATES. No interval is given for it: subtracting marginal endpoints is not a paired contrast, and the paired issue bootstrap that would be required is not run for these rows."
language,B. target population,TRUE,India,zh,-0.14880175548068628,-0.9299638755157981,1.5265411423459405,-3.0681781328540083,2.919376377373322,2078,520,1,4,13,TRUE,TRUE,TRUE,0,,TRUE,canon_012,nested,-0.001488017554806863,-0.00929963875515798,0.015265411423459406,,refused_strict,maximum likelihood,FALSE,|coef| > 15; SE > 25; 292 fitted probabilities at 0 or 1,0.14038461538461494,0.14038461538461494,covariate-standardized home-region refusal contrast (sensitivity),"covariate-standardized home-region refusal contrast; NOT causal, NOT a difference-in-differences, NOT a within-issue effect; adjustment controls measured composition only and cannot remove unmeasured differences between home and away issues",language: zh,restricts to one prompt language,TRUE,`estimable` means a fit was attempted; `plottable` means a point AND an interval exist. Five functional-form rows are estimable = TRUE with no estimate.,"difference_from_primary_pp is a DIFFERENCE OF POINT ESTIMATES. No interval is given for it: subtracting marginal endpoints is not a paired contrast, and the paired issue bootstrap that would be required is not run for these rows."
language,B. target population,TRUE,India,ar,-1.991240788469248,-5.129503229083979,1.1111543417939802,-3.0681781328540083,1.0769373443847603,2068,520,1,39,169,TRUE,TRUE,TRUE,0,,FALSE,canon_012,nested,-0.01991240788469248,-0.05129503229083979,0.011111543417939802,,refused_strict,maximum likelihood,FALSE,,0,0,covariate-standardized home-region refusal contrast (sensitivity),"covariate-standardized home-region refusal contrast; NOT causal, NOT a difference-in-differences, NOT a within-issue effect; adjustment controls measured composition only and cannot remove unmeasured differences between home and away issues",language: ar,restricts to one prompt language,TRUE,`estimable` means a fit was attempted; `plottable` means a point AND an interval exist. Five functional-form rows are estimable = TRUE with no estimate.,"difference_from_primary_pp is a DIFFERENCE OF POINT ESTIMATES. No interval is given for it: subtracting marginal endpoints is not a paired contrast, and the paired issue bootstrap that would be required is not run for these rows."
language,B. target population,TRUE,India,ru,0.0389727536959628,-0.2689481773867361,0.4786231236605751,-3.0681781328540083,3.107150886549971,2063,520,1,1,2,TRUE,TRUE,FALSE,0.05,glm.fit: fitted probabilities numerically 0 or 1 occurred,TRUE,canon_012,nested,3.89727536959628e-4,-0.002689481773867361,0.004786231236605751,UNRELIABLE INTERVAL: 5.0% of bootstrap draws had no defined estimate,refused_strict,maximum likelihood,FALSE,|coef| > 15; SE > 25; 1359 fitted probabilities at 0 or 1,0.6576923076923055,0.6576923076923055,covariate-standardized home-region refusal contrast (sensitivity),"covariate-standardized home-region refusal contrast; NOT causal, NOT a difference-in-differences, NOT a within-issue effect; adjustment controls measured composition only and cannot remove unmeasured differences between home and away issues",language: ru,restricts to one prompt language,TRUE,`estimable` means a fit was attempted; `plottable` means a point AND an interval exist. Five functional-form rows are estimable = TRUE with no estimate.,"difference_from_primary_pp is a DIFFERENCE OF POINT ESTIMATES. No interval is given for it: subtracting marginal endpoints is not a paired contrast, and the paired issue bootstrap that would be required is not run for these rows."
language,B. target population,TRUE,India,hi,-0.37032471850453696,-1.1156050012378607,0.9754285223383299,-3.0681781328540083,2.6978534143494715,2043,520,1,4,12,TRUE,TRUE,TRUE,0,,TRUE,canon_012,nested,-0.0037032471850453694,-0.011156050012378606,0.0097542852233833,,refused_strict,maximum likelihood,FALSE,|coef| > 15; SE > 25; 903 fitted probabilities at 0 or 1,0.44038461538461393,0.44038461538461393,covariate-standardized home-region refusal contrast (sensitivity),"covariate-standardized home-region refusal contrast; NOT causal, NOT a difference-in-differences, NOT a within-issue effect; adjustment controls measured composition only and cannot remove unmeasured differences between home and away issues",language: hi,restricts to one prompt language,TRUE,`estimable` means a fit was attempted; `plottable` means a point AND an interval exist. Five functional-form rows are estimable = TRUE with no estimate.,"difference_from_primary_pp is a DIFFERENCE OF POINT ESTIMATES. No interval is given for it: subtracting marginal endpoints is not a paired contrast, and the paired issue bootstrap that would be required is not run for these rows."
language,B. target population,TRUE,US,en,1.879257372329217,-0.7816542244852294,4.4513928785891395,1.879257372329217,0,8319,520,4,43,231,TRUE,TRUE,TRUE,0,,TRUE,canon_012,nested,0.01879257372329217,-0.007816542244852294,0.044513928785891395,,refused_strict,maximum likelihood,FALSE,SE > 25; 256 fitted probabilities at 0 or 1,0.030769230769230674,0.030769230769230674,covariate-standardized home-region refusal contrast (sensitivity),"covariate-standardized home-region refusal contrast; NOT causal, NOT a difference-in-differences, NOT a within-issue effect; adjustment controls measured composition only and cannot remove unmeasured differences between home and away issues",language: en,restricts to one prompt language,TRUE,`estimable` means a fit was attempted; `plottable` means a point AND an interval exist. Five functional-form rows are estimable = TRUE with no estimate.,"difference_from_primary_pp is a DIFFERENCE OF POINT ESTIMATES. No interval is given for it: subtracting marginal endpoints is not a paired contrast, and the paired issue bootstrap that would be required is not run for these rows."
language,B. target population,TRUE,US,zh,0.5335301696805601,-0.9881135620347599,2.18813897432046,1.879257372329217,-1.3457272026486569,8320,520,4,26,159,TRUE,TRUE,TRUE,0,,TRUE,canon_012,nested,0.005335301696805601,-0.009881135620347599,0.0218813897432046,,refused_strict,maximum likelihood,FALSE,SE > 25; 256 fitted probabilities at 0 or 1,0.030769230769230674,0.030769230769230674,covariate-standardized home-region refusal contrast (sensitivity),"covariate-standardized home-region refusal contrast; NOT causal, NOT a difference-in-differences, NOT a within-issue effect; adjustment controls measured composition only and cannot remove unmeasured differences between home and away issues",language: zh,restricts to one prompt language,TRUE,`estimable` means a fit was attempted; `plottable` means a point AND an interval exist. Five functional-form rows are estimable = TRUE with no estimate.,"difference_from_primary_pp is a DIFFERENCE OF POINT ESTIMATES. No interval is given for it: subtracting marginal endpoints is not a paired contrast, and the paired issue bootstrap that would be required is not run for these rows."
language,B. target population,TRUE,US,ar,0.362599942145062,-1.2546188230222923,2.090410179254407,1.879257372329217,-1.5166574301841549,8320,520,4,30,194,TRUE,TRUE,TRUE,0,,TRUE,canon_012,nested,0.0036259994214506205,-0.012546188230222924,0.020904101792544073,,refused_strict,maximum likelihood,FALSE,SE > 25; 256 fitted probabilities at 0 or 1,0.030769230769230674,0.030769230769230674,covariate-standardized home-region refusal contrast (sensitivity),"covariate-standardized home-region refusal contrast; NOT causal, NOT a difference-in-differences, NOT a within-issue effect; adjustment controls measured composition only and cannot remove unmeasured differences between home and away issues",language: ar,restricts to one prompt language,TRUE,`estimable` means a fit was attempted; `plottable` means a point AND an interval exist. Five functional-form rows are estimable = TRUE with no estimate.,"difference_from_primary_pp is a DIFFERENCE OF POINT ESTIMATES. No interval is given for it: subtracting marginal endpoints is not a paired contrast, and the paired issue bootstrap that would be required is not run for these rows."
language,B. target population,TRUE,US,ru,0.32774067497780407,-1.1565601222049342,1.8882441821551645,1.879257372329217,-1.551516697351413,8320,520,4,24,155,TRUE,TRUE,TRUE,0,,TRUE,canon_012,nested,0.003277406749778041,-0.011565601222049342,0.018882441821551646,,refused_strict,maximum likelihood,FALSE,SE > 25; 256 fitted probabilities at 0 or 1,0.030769230769230674,0.030769230769230674,covariate-standardized home-region refusal contrast (sensitivity),"covariate-standardized home-region refusal contrast; NOT causal, NOT a difference-in-differences, NOT a within-issue effect; adjustment controls measured composition only and cannot remove unmeasured differences between home and away issues",language: ru,restricts to one prompt language,TRUE,`estimable` means a fit was attempted; `plottable` means a point AND an interval exist. Five functional-form rows are estimable = TRUE with no estimate.,"difference_from_primary_pp is a DIFFERENCE OF POINT ESTIMATES. No interval is given for it: subtracting marginal endpoints is not a paired contrast, and the paired issue bootstrap that would be required is not run for these rows."
language,B. target population,TRUE,US,hi,0.5821035730188846,-1.1010271938147547,2.3431191236180164,1.879257372329217,-1.2971537993103324,8320,520,4,37,225,TRUE,TRUE,TRUE,0,,FALSE,canon_012,nested,0.005821035730188846,-0.011010271938147546,0.023431191236180163,,refused_strict,maximum likelihood,FALSE,,0,0,covariate-standardized home-region refusal contrast (sensitivity),"covariate-standardized home-region refusal contrast; NOT causal, NOT a difference-in-differences, NOT a within-issue effect; adjustment controls measured composition only and cannot remove unmeasured differences between home and away issues",language: hi,restricts to one prompt language,TRUE,`estimable` means a fit was attempted; `plottable` means a point AND an interval exist. Five functional-form rows are estimable = TRUE with no estimate.,"difference_from_primary_pp is a DIFFERENCE OF POINT ESTIMATES. No interval is given for it: subtracting marginal endpoints is not a paired contrast, and the paired issue bootstrap that would be required is not run for these rows."
language,B. target population,TRUE,EU,en,NA,NA,NA,NA,NA,2080,520,1,0,0,FALSE,FALSE,FALSE,NA,glm.fit: algorithm did not converge,TRUE,canon_012,nested,NA,NA,NA,0 observed events on refused_strict (complete separation),refused_strict,maximum likelihood,TRUE,did not converge; |coef| > 15; SE > 25; 2080 fitted probabilities at 0 or 1,0.9999999999999966,0.9999999999999966,covariate-standardized home-region refusal contrast (sensitivity),"covariate-standardized home-region refusal contrast; NOT causal, NOT a difference-in-differences, NOT a within-issue effect; adjustment controls measured composition only and cannot remove unmeasured differences between home and away issues",language: en,restricts to one prompt language,FALSE,`estimable` means a fit was attempted; `plottable` means a point AND an interval exist. Five functional-form rows are estimable = TRUE with no estimate.,"difference_from_primary_pp is a DIFFERENCE OF POINT ESTIMATES. No interval is given for it: subtracting marginal endpoints is not a paired contrast, and the paired issue bootstrap that would be required is not run for these rows."
language,B. target population,TRUE,EU,zh,NA,NA,NA,NA,NA,2080,520,1,0,0,FALSE,FALSE,FALSE,NA,glm.fit: algorithm did not converge,TRUE,canon_012,nested,NA,NA,NA,0 observed events on refused_strict (complete separation),refused_strict,maximum likelihood,TRUE,did not converge; |coef| > 15; SE > 25; 2080 fitted probabilities at 0 or 1,0.9999999999999966,0.9999999999999966,covariate-standardized home-region refusal contrast (sensitivity),"covariate-standardized home-region refusal contrast; NOT causal, NOT a difference-in-differences, NOT a within-issue effect; adjustment controls measured composition only and cannot remove unmeasured differences between home and away issues",language: zh,restricts to one prompt language,FALSE,`estimable` means a fit was attempted; `plottable` means a point AND an interval exist. Five functional-form rows are estimable = TRUE with no estimate.,"difference_from_primary_pp is a DIFFERENCE OF POINT ESTIMATES. No interval is given for it: subtracting marginal endpoints is not a paired contrast, and the paired issue bootstrap that would be required is not run for these rows."
language,B. target population,TRUE,EU,ar,NA,NA,NA,NA,NA,2080,520,1,0,0,FALSE,FALSE,FALSE,NA,glm.fit: algorithm did not converge,TRUE,canon_012,nested,NA,NA,NA,0 observed events on refused_strict (complete separation),refused_strict,maximum likelihood,TRUE,did not converge; |coef| > 15; SE > 25; 2080 fitted probabilities at 0 or 1,0.9999999999999966,0.9999999999999966,covariate-standardized home-region refusal contrast (sensitivity),"covariate-standardized home-region refusal contrast; NOT causal, NOT a difference-in-differences, NOT a within-issue effect; adjustment controls measured composition only and cannot remove unmeasured differences between home and away issues",language: ar,restricts to one prompt language,FALSE,`estimable` means a fit was attempted; `plottable` means a point AND an interval exist. Five functional-form rows are estimable = TRUE with no estimate.,"difference_from_primary_pp is a DIFFERENCE OF POINT ESTIMATES. No interval is given for it: subtracting marginal endpoints is not a paired contrast, and the paired issue bootstrap that would be required is not run for these rows."
language,B. target population,TRUE,EU,ru,NA,NA,NA,NA,NA,2080,520,1,0,0,FALSE,FALSE,FALSE,NA,glm.fit: algorithm did not converge,TRUE,canon_012,nested,NA,NA,NA,0 observed events on refused_strict (complete separation),refused_strict,maximum likelihood,TRUE,did not converge; |coef| > 15; SE > 25; 2080 fitted probabilities at 0 or 1,0.9999999999999966,0.9999999999999966,covariate-standardized home-region refusal contrast (sensitivity),"covariate-standardized home-region refusal contrast; NOT causal, NOT a difference-in-differences, NOT a within-issue effect; adjustment controls measured composition only and cannot remove unmeasured differences between home and away issues",language: ru,restricts to one prompt language,FALSE,`estimable` means a fit was attempted; `plottable` means a point AND an interval exist. Five functional-form rows are estimable = TRUE with no estimate.,"difference_from_primary_pp is a DIFFERENCE OF POINT ESTIMATES. No interval is given for it: subtracting marginal endpoints is not a paired contrast, and the paired issue bootstrap that would be required is not run for these rows."
language,B. target population,TRUE,EU,hi,NA,NA,NA,NA,NA,2079,520,1,0,0,FALSE,FALSE,FALSE,NA,glm.fit: algorithm did not converge,TRUE,canon_012,nested,NA,NA,NA,0 observed events on refused_strict (complete separation),refused_strict,maximum likelihood,TRUE,did not converge; |coef| > 15; SE > 25; 2079 fitted probabilities at 0 or 1,0.9999999999999966,0.9999999999999966,covariate-standardized home-region refusal contrast (sensitivity),"covariate-standardized home-region refusal contrast; NOT causal, NOT a difference-in-differences, NOT a within-issue effect; adjustment controls measured composition only and cannot remove unmeasured differences between home and away issues",language: hi,restricts to one prompt language,FALSE,`estimable` means a fit was attempted; `plottable` means a point AND an interval exist. Five functional-form rows are estimable = TRUE with no estimate.,"difference_from_primary_pp is a DIFFERENCE OF POINT ESTIMATES. No interval is given for it: subtracting marginal endpoints is not a paired contrast, and the paired issue bootstrap that would be required is not run for these rows."
outcome_code3,C. outcome definition,FALSE,CN,refused_any (codes 3-5),16.443269254310337,10.477819388917933,24.470660060900915,16.47950003466695,-0.03623078035661109,4160,520,2,175,143,TRUE,TRUE,TRUE,0,,TRUE,canon_012,nested,0.16443269254310336,0.10477819388917933,0.24470660060900915,,refused_any,maximum likelihood,FALSE,SE > 25; 128 fitted probabilities at 0 or 1,0.030769230769230688,0.030769230769230688,covariate-standardized home-region refusal contrast (sensitivity),"covariate-standardized home-region refusal contrast; NOT causal, NOT a difference-in-differences, NOT a within-issue effect; adjustment controls measured composition only and cannot remove unmeasured differences between home and away issues",English,"same target, different label threshold (codes 3-5 rather than 4-5)",TRUE,`estimable` means a fit was attempted; `plottable` means a point AND an interval exist. Five functional-form rows are estimable = TRUE with no estimate.,"difference_from_primary_pp is a DIFFERENCE OF POINT ESTIMATES. No interval is given for it: subtracting marginal endpoints is not a paired contrast, and the paired issue bootstrap that would be required is not run for these rows."
outcome_code3,C. outcome definition,FALSE,MENA,refused_any (codes 3-5),3.698810580718869,1.4605054716651935,6.126029619773049,3.755812762623567,-0.05700218190469819,6240,520,3,171,393,TRUE,TRUE,TRUE,0,,FALSE,canon_012,nested,0.03698810580718869,0.014605054716651935,0.06126029619773049,,refused_any,maximum likelihood,FALSE,,0,0,covariate-standardized home-region refusal contrast (sensitivity),"covariate-standardized home-region refusal contrast; NOT causal, NOT a difference-in-differences, NOT a within-issue effect; adjustment controls measured composition only and cannot remove unmeasured differences between home and away issues",English,"same target, different label threshold (codes 3-5 rather than 4-5)",TRUE,`estimable` means a fit was attempted; `plottable` means a point AND an interval exist. Five functional-form rows are estimable = TRUE with no estimate.,"difference_from_primary_pp is a DIFFERENCE OF POINT ESTIMATES. No interval is given for it: subtracting marginal endpoints is not a paired contrast, and the paired issue bootstrap that would be required is not run for these rows."
outcome_code3,C. outcome definition,FALSE,India,refused_any (codes 3-5),-3.0261785082284396,-5.824333244620444,-0.19152392691459552,-3.0681781328540083,0.04199962462556872,2076,520,1,32,115,TRUE,TRUE,TRUE,0,,TRUE,canon_012,nested,-0.030261785082284397,-0.05824333244620444,-0.001915239269145955,,refused_any,maximum likelihood,FALSE,|coef| > 15; SE > 25; 289 fitted probabilities at 0 or 1,0.14038461538461494,0.14038461538461494,covariate-standardized home-region refusal contrast (sensitivity),"covariate-standardized home-region refusal contrast; NOT causal, NOT a difference-in-differences, NOT a within-issue effect; adjustment controls measured composition only and cannot remove unmeasured differences between home and away issues",English,"same target, different label threshold (codes 3-5 rather than 4-5)",TRUE,`estimable` means a fit was attempted; `plottable` means a point AND an interval exist. Five functional-form rows are estimable = TRUE with no estimate.,"difference_from_primary_pp is a DIFFERENCE OF POINT ESTIMATES. No interval is given for it: subtracting marginal endpoints is not a paired contrast, and the paired issue bootstrap that would be required is not run for these rows."
outcome_code3,C. outcome definition,FALSE,US,refused_any (codes 3-5),1.6046462283160374,-1.0463011631399102,4.285844042901794,1.879257372329217,-0.27461114401317954,8319,520,4,49,279,TRUE,TRUE,TRUE,0,,TRUE,canon_012,nested,0.016046462283160375,-0.010463011631399101,0.042858440429017944,,refused_any,maximum likelihood,FALSE,SE > 25; 256 fitted probabilities at 0 or 1,0.030769230769230674,0.030769230769230674,covariate-standardized home-region refusal contrast (sensitivity),"covariate-standardized home-region refusal contrast; NOT causal, NOT a difference-in-differences, NOT a within-issue effect; adjustment controls measured composition only and cannot remove unmeasured differences between home and away issues",English,"same target, different label threshold (codes 3-5 rather than 4-5)",TRUE,`estimable` means a fit was attempted; `plottable` means a point AND an interval exist. Five functional-form rows are estimable = TRUE with no estimate.,"difference_from_primary_pp is a DIFFERENCE OF POINT ESTIMATES. No interval is given for it: subtracting marginal endpoints is not a paired contrast, and the paired issue bootstrap that would be required is not run for these rows."
outcome_code3,C. outcome definition,FALSE,EU,refused_any (codes 3-5),NA,NA,NA,NA,NA,2080,520,1,0,0,FALSE,FALSE,FALSE,NA,glm.fit: algorithm did not converge,TRUE,canon_012,nested,NA,NA,NA,0 observed events on refused_any (complete separation),refused_any,maximum likelihood,TRUE,did not converge; |coef| > 15; SE > 25; 2080 fitted probabilities at 0 or 1,0.9999999999999966,0.9999999999999966,covariate-standardized home-region refusal contrast (sensitivity),"covariate-standardized home-region refusal contrast; NOT causal, NOT a difference-in-differences, NOT a within-issue effect; adjustment controls measured composition only and cannot remove unmeasured differences between home and away issues",English,"same target, different label threshold (codes 3-5 rather than 4-5)",FALSE,`estimable` means a fit was attempted; `plottable` means a point AND an interval exist. Five functional-form rows are estimable = TRUE with no estimate.,"difference_from_primary_pp is a DIFFERENCE OF POINT ESTIMATES. No interval is given for it: subtracting marginal endpoints is not a paired contrast, and the paired issue bootstrap that would be required is not run for these rows."
min_response_chars,E. POST-OUTCOME diagnostic,TRUE,CN,20,16.155004955086554,10.083419677633252,24.330228569668822,16.47950003466695,-0.3244950795803945,4155,520,2,161,116,TRUE,TRUE,TRUE,0,,TRUE,canon_012,nested,0.16155004955086555,0.10083419677633251,0.24330228569668821,,refused_strict,maximum likelihood,FALSE,SE > 25; 128 fitted probabilities at 0 or 1,0.030769230769230688,0.030769230769230688,covariate-standardized home-region refusal contrast (sensitivity),"covariate-standardized home-region refusal contrast; NOT causal, NOT a difference-in-differences, NOT a within-issue effect; adjustment controls measured composition only and cannot remove unmeasured differences between home and away issues",English,conditions on a realized property of the response; NOT design robustness,TRUE,`estimable` means a fit was attempted; `plottable` means a point AND an interval exist. Five functional-form rows are estimable = TRUE with no estimate.,"difference_from_primary_pp is a DIFFERENCE OF POINT ESTIMATES. No interval is given for it: subtracting marginal endpoints is not a paired contrast, and the paired issue bootstrap that would be required is not run for these rows."
min_response_chars,E. POST-OUTCOME diagnostic,TRUE,CN,50,14.713354487001698,8.933668786639073,22.255174639501423,16.47950003466695,-1.76614554766525,4139,520,2,147,115,TRUE,TRUE,TRUE,0,,TRUE,canon_012,nested,0.14713354487001698,0.08933668786639073,0.22255174639501424,,refused_strict,maximum likelihood,FALSE,SE > 25; 128 fitted probabilities at 0 or 1,0.030769230769230688,0.030769230769230688,covariate-standardized home-region refusal contrast (sensitivity),"covariate-standardized home-region refusal contrast; NOT causal, NOT a difference-in-differences, NOT a within-issue effect; adjustment controls measured composition only and cannot remove unmeasured differences between home and away issues",English,conditions on a realized property of the response; NOT design robustness,TRUE,`estimable` means a fit was attempted; `plottable` means a point AND an interval exist. Five functional-form rows are estimable = TRUE with no estimate.,"difference_from_primary_pp is a DIFFERENCE OF POINT ESTIMATES. No interval is given for it: subtracting marginal endpoints is not a paired contrast, and the paired issue bootstrap that would be required is not run for these rows."
min_response_chars,E. POST-OUTCOME diagnostic,TRUE,CN,100,14.488264216563037,8.90539630290316,21.709650249538985,16.47950003466695,-1.9912358181039114,4119,520,2,137,111,TRUE,TRUE,TRUE,0,,TRUE,canon_012,nested,0.14488264216563038,0.0890539630290316,0.21709650249538986,,refused_strict,maximum likelihood,FALSE,SE > 25; 128 fitted probabilities at 0 or 1,0.030798873573439977,0.030798873573439977,covariate-standardized home-region refusal contrast (sensitivity),"covariate-standardized home-region refusal contrast; NOT causal, NOT a difference-in-differences, NOT a within-issue effect; adjustment controls measured composition only and cannot remove unmeasured differences between home and away issues",English,conditions on a realized property of the response; NOT design robustness,TRUE,`estimable` means a fit was attempted; `plottable` means a point AND an interval exist. Five functional-form rows are estimable = TRUE with no estimate.,"difference_from_primary_pp is a DIFFERENCE OF POINT ESTIMATES. No interval is given for it: subtracting marginal endpoints is not a paired contrast, and the paired issue bootstrap that would be required is not run for these rows."
min_response_chars,E. POST-OUTCOME diagnostic,TRUE,MENA,20,3.750875687268499,1.5093794278886958,6.1922399013049665,3.755812762623567,-0.0049370753550679325,6238,520,3,169,386,TRUE,TRUE,TRUE,0,,FALSE,canon_012,nested,0.03750875687268499,0.01509379427888696,0.06192239901304967,,refused_strict,maximum likelihood,FALSE,,0,0,covariate-standardized home-region refusal contrast (sensitivity),"covariate-standardized home-region refusal contrast; NOT causal, NOT a difference-in-differences, NOT a within-issue effect; adjustment controls measured composition only and cannot remove unmeasured differences between home and away issues",English,conditions on a realized property of the response; NOT design robustness,TRUE,`estimable` means a fit was attempted; `plottable` means a point AND an interval exist. Five functional-form rows are estimable = TRUE with no estimate.,"difference_from_primary_pp is a DIFFERENCE OF POINT ESTIMATES. No interval is given for it: subtracting marginal endpoints is not a paired contrast, and the paired issue bootstrap that would be required is not run for these rows."
min_response_chars,E. POST-OUTCOME diagnostic,TRUE,MENA,50,3.722981104735074,1.50469927757424,6.027286432132419,3.755812762623567,-0.03283165788849329,6221,520,3,167,371,TRUE,TRUE,TRUE,0,,FALSE,canon_012,nested,0.037229811047350736,0.0150469927757424,0.060272864321324185,,refused_strict,maximum likelihood,FALSE,,0,0,covariate-standardized home-region refusal contrast (sensitivity),"covariate-standardized home-region refusal contrast; NOT causal, NOT a difference-in-differences, NOT a within-issue effect; adjustment controls measured composition only and cannot remove unmeasured differences between home and away issues",English,conditions on a realized property of the response; NOT design robustness,TRUE,`estimable` means a fit was attempted; `plottable` means a point AND an interval exist. Five functional-form rows are estimable = TRUE with no estimate.,"difference_from_primary_pp is a DIFFERENCE OF POINT ESTIMATES. No interval is given for it: subtracting marginal endpoints is not a paired contrast, and the paired issue bootstrap that would be required is not run for these rows."
min_response_chars,E. POST-OUTCOME diagnostic,TRUE,MENA,100,3.722981104735074,1.50469927757424,6.027286432132419,3.755812762623567,-0.03283165788849329,6221,520,3,167,371,TRUE,TRUE,TRUE,0,,FALSE,canon_012,nested,0.037229811047350736,0.0150469927757424,0.060272864321324185,,refused_strict,maximum likelihood,FALSE,,0,0,covariate-standardized home-region refusal contrast (sensitivity),"covariate-standardized home-region refusal contrast; NOT causal, NOT a difference-in-differences, NOT a within-issue effect; adjustment controls measured composition only and cannot remove unmeasured differences between home and away issues",English,conditions on a realized property of the response; NOT design robustness,TRUE,`estimable` means a fit was attempted; `plottable` means a point AND an interval exist. Five functional-form rows are estimable = TRUE with no estimate.,"difference_from_primary_pp is a DIFFERENCE OF POINT ESTIMATES. No interval is given for it: subtracting marginal endpoints is not a paired contrast, and the paired issue bootstrap that would be required is not run for these rows."
min_response_chars,E. POST-OUTCOME diagnostic,TRUE,India,20,-3.0681781328540083,-5.881080583553836,-0.10746122171324049,-3.0681781328540083,0,2076,520,1,31,108,TRUE,TRUE,TRUE,0,,TRUE,canon_012,nested,-0.030681781328540082,-0.05881080583553836,-0.001074612217132405,,refused_strict,maximum likelihood,FALSE,|coef| > 15; SE > 25; 289 fitted probabilities at 0 or 1,0.14038461538461494,0.14038461538461494,covariate-standardized home-region refusal contrast (sensitivity),"covariate-standardized home-region refusal contrast; NOT causal, NOT a difference-in-differences, NOT a within-issue effect; adjustment controls measured composition only and cannot remove unmeasured differences between home and away issues",English,conditions on a realized property of the response; NOT design robustness,TRUE,`estimable` means a fit was attempted; `plottable` means a point AND an interval exist. Five functional-form rows are estimable = TRUE with no estimate.,"difference_from_primary_pp is a DIFFERENCE OF POINT ESTIMATES. No interval is given for it: subtracting marginal endpoints is not a paired contrast, and the paired issue bootstrap that would be required is not run for these rows."
min_response_chars,E. POST-OUTCOME diagnostic,TRUE,India,50,-3.0681781328540083,-5.881080583553836,-0.10746122171324049,-3.0681781328540083,0,2076,520,1,31,108,TRUE,TRUE,TRUE,0,,TRUE,canon_012,nested,-0.030681781328540082,-0.05881080583553836,-0.001074612217132405,,refused_strict,maximum likelihood,FALSE,|coef| > 15; SE > 25; 289 fitted probabilities at 0 or 1,0.14038461538461494,0.14038461538461494,covariate-standardized home-region refusal contrast (sensitivity),"covariate-standardized home-region refusal contrast; NOT causal, NOT a difference-in-differences, NOT a within-issue effect; adjustment controls measured composition only and cannot remove unmeasured differences between home and away issues",English,conditions on a realized property of the response; NOT design robustness,TRUE,`estimable` means a fit was attempted; `plottable` means a point AND an interval exist. Five functional-form rows are estimable = TRUE with no estimate.,"difference_from_primary_pp is a DIFFERENCE OF POINT ESTIMATES. No interval is given for it: subtracting marginal endpoints is not a paired contrast, and the paired issue bootstrap that would be required is not run for these rows."
min_response_chars,E. POST-OUTCOME diagnostic,TRUE,India,100,-3.0681781328540083,-5.881080583553836,-0.10746122171324049,-3.0681781328540083,0,2076,520,1,31,108,TRUE,TRUE,TRUE,0,,TRUE,canon_012,nested,-0.030681781328540082,-0.05881080583553836,-0.001074612217132405,,refused_strict,maximum likelihood,FALSE,|coef| > 15; SE > 25; 289 fitted probabilities at 0 or 1,0.14038461538461494,0.14038461538461494,covariate-standardized home-region refusal contrast (sensitivity),"covariate-standardized home-region refusal contrast; NOT causal, NOT a difference-in-differences, NOT a within-issue effect; adjustment controls measured composition only and cannot remove unmeasured differences between home and away issues",English,conditions on a realized property of the response; NOT design robustness,TRUE,`estimable` means a fit was attempted; `plottable` means a point AND an interval exist. Five functional-form rows are estimable = TRUE with no estimate.,"difference_from_primary_pp is a DIFFERENCE OF POINT ESTIMATES. No interval is given for it: subtracting marginal endpoints is not a paired contrast, and the paired issue bootstrap that would be required is not run for these rows."
min_response_chars,E. POST-OUTCOME diagnostic,TRUE,US,20,1.879257372329217,-0.7816542244852294,4.4513928785891395,1.879257372329217,0,8319,520,4,43,231,TRUE,TRUE,TRUE,0,,TRUE,canon_012,nested,0.01879257372329217,-0.007816542244852294,0.044513928785891395,,refused_strict,maximum likelihood,FALSE,SE > 25; 256 fitted probabilities at 0 or 1,0.030769230769230674,0.030769230769230674,covariate-standardized home-region refusal contrast (sensitivity),"covariate-standardized home-region refusal contrast; NOT causal, NOT a difference-in-differences, NOT a within-issue effect; adjustment controls measured composition only and cannot remove unmeasured differences between home and away issues",English,conditions on a realized property of the response; NOT design robustness,TRUE,`estimable` means a fit was attempted; `plottable` means a point AND an interval exist. Five functional-form rows are estimable = TRUE with no estimate.,"difference_from_primary_pp is a DIFFERENCE OF POINT ESTIMATES. No interval is given for it: subtracting marginal endpoints is not a paired contrast, and the paired issue bootstrap that would be required is not run for these rows."
min_response_chars,E. POST-OUTCOME diagnostic,TRUE,US,50,1.879257372329217,-0.7816542244852294,4.4513928785891395,1.879257372329217,0,8319,520,4,43,231,TRUE,TRUE,TRUE,0,,TRUE,canon_012,nested,0.01879257372329217,-0.007816542244852294,0.044513928785891395,,refused_strict,maximum likelihood,FALSE,SE > 25; 256 fitted probabilities at 0 or 1,0.030769230769230674,0.030769230769230674,covariate-standardized home-region refusal contrast (sensitivity),"covariate-standardized home-region refusal contrast; NOT causal, NOT a difference-in-differences, NOT a within-issue effect; adjustment controls measured composition only and cannot remove unmeasured differences between home and away issues",English,conditions on a realized property of the response; NOT design robustness,TRUE,`estimable` means a fit was attempted; `plottable` means a point AND an interval exist. Five functional-form rows are estimable = TRUE with no estimate.,"difference_from_primary_pp is a DIFFERENCE OF POINT ESTIMATES. No interval is given for it: subtracting marginal endpoints is not a paired contrast, and the paired issue bootstrap that would be required is not run for these rows."
min_response_chars,E. POST-OUTCOME diagnostic,TRUE,US,100,1.879257372329217,-0.7816542244852294,4.4513928785891395,1.879257372329217,0,8319,520,4,43,231,TRUE,TRUE,TRUE,0,,TRUE,canon_012,nested,0.01879257372329217,-0.007816542244852294,0.044513928785891395,,refused_strict,maximum likelihood,FALSE,SE > 25; 256 fitted probabilities at 0 or 1,0.030769230769230674,0.030769230769230674,covariate-standardized home-region refusal contrast (sensitivity),"covariate-standardized home-region refusal contrast; NOT causal, NOT a difference-in-differences, NOT a within-issue effect; adjustment controls measured composition only and cannot remove unmeasured differences between home and away issues",English,conditions on a realized property of the response; NOT design robustness,TRUE,`estimable` means a fit was attempted; `plottable` means a point AND an interval exist. Five functional-form rows are estimable = TRUE with no estimate.,"difference_from_primary_pp is a DIFFERENCE OF POINT ESTIMATES. No interval is given for it: subtracting marginal endpoints is not a paired contrast, and the paired issue bootstrap that would be required is not run for these rows."
min_response_chars,E. POST-OUTCOME diagnostic,TRUE,EU,20,NA,NA,NA,NA,NA,2080,520,1,0,0,FALSE,FALSE,FALSE,NA,glm.fit: algorithm did not converge,TRUE,canon_012,nested,NA,NA,NA,0 observed events on refused_strict (complete separation),refused_strict,maximum likelihood,TRUE,did not converge; |coef| > 15; SE > 25; 2080 fitted probabilities at 0 or 1,0.9999999999999966,0.9999999999999966,covariate-standardized home-region refusal contrast (sensitivity),"covariate-standardized home-region refusal contrast; NOT causal, NOT a difference-in-differences, NOT a within-issue effect; adjustment controls measured composition only and cannot remove unmeasured differences between home and away issues",English,conditions on a realized property of the response; NOT design robustness,FALSE,`estimable` means a fit was attempted; `plottable` means a point AND an interval exist. Five functional-form rows are estimable = TRUE with no estimate.,"difference_from_primary_pp is a DIFFERENCE OF POINT ESTIMATES. No interval is given for it: subtracting marginal endpoints is not a paired contrast, and the paired issue bootstrap that would be required is not run for these rows."
min_response_chars,E. POST-OUTCOME diagnostic,TRUE,EU,50,NA,NA,NA,NA,NA,2080,520,1,0,0,FALSE,FALSE,FALSE,NA,glm.fit: algorithm did not converge,TRUE,canon_012,nested,NA,NA,NA,0 observed events on refused_strict (complete separation),refused_strict,maximum likelihood,TRUE,did not converge; |coef| > 15; SE > 25; 2080 fitted probabilities at 0 or 1,0.9999999999999966,0.9999999999999966,covariate-standardized home-region refusal contrast (sensitivity),"covariate-standardized home-region refusal contrast; NOT causal, NOT a difference-in-differences, NOT a within-issue effect; adjustment controls measured composition only and cannot remove unmeasured differences between home and away issues",English,conditions on a realized property of the response; NOT design robustness,FALSE,`estimable` means a fit was attempted; `plottable` means a point AND an interval exist. Five functional-form rows are estimable = TRUE with no estimate.,"difference_from_primary_pp is a DIFFERENCE OF POINT ESTIMATES. No interval is given for it: subtracting marginal endpoints is not a paired contrast, and the paired issue bootstrap that would be required is not run for these rows."
min_response_chars,E. POST-OUTCOME diagnostic,TRUE,EU,100,NA,NA,NA,NA,NA,2080,520,1,0,0,FALSE,FALSE,FALSE,NA,glm.fit: algorithm did not converge,TRUE,canon_012,nested,NA,NA,NA,0 observed events on refused_strict (complete separation),refused_strict,maximum likelihood,TRUE,did not converge; |coef| > 15; SE > 25; 2080 fitted probabilities at 0 or 1,0.9999999999999966,0.9999999999999966,covariate-standardized home-region refusal contrast (sensitivity),"covariate-standardized home-region refusal contrast; NOT causal, NOT a difference-in-differences, NOT a within-issue effect; adjustment controls measured composition only and cannot remove unmeasured differences between home and away issues",English,conditions on a realized property of the response; NOT design robustness,FALSE,`estimable` means a fit was attempted; `plottable` means a point AND an interval exist. Five functional-form rows are estimable = TRUE with no estimate.,"difference_from_primary_pp is a DIFFERENCE OF POINT ESTIMATES. No interval is given for it: subtracting marginal endpoints is not a paired contrast, and the paired issue bootstrap that would be required is not run for these rows."
overlap_restricted,B. target population,TRUE,CN,model x domain strata with both arms,16.863375935128783,9.996701113531788,24.721140091064314,16.47950003466695,0.3838759004618346,4008,501,2,163,112,TRUE,TRUE,TRUE,0,,TRUE,canon_012,nested,0.16863375935128783,0.09996701113531789,0.24721140091064314,,refused_strict,maximum likelihood,FALSE,SE > 25; 128 fitted probabilities at 0 or 1,0.03193612774451094,0.03193612774451094,covariate-standardized home-region refusal contrast (sensitivity),"covariate-standardized home-region refusal contrast; NOT causal, NOT a difference-in-differences, NOT a within-issue effect; adjustment controls measured composition only and cannot remove unmeasured differences between home and away issues",English,common support: covariate cells present in both arms only,TRUE,`estimable` means a fit was attempted; `plottable` means a point AND an interval exist. Five functional-form rows are estimable = TRUE with no estimate.,"difference_from_primary_pp is a DIFFERENCE OF POINT ESTIMATES. No interval is given for it: subtracting marginal endpoints is not a paired contrast, and the paired issue bootstrap that would be required is not run for these rows."
overlap_restricted,B. target population,TRUE,MENA,model x domain strata with both arms,3.755812762623567,1.4965716780980263,6.199246311387576,3.755812762623567,0,6240,520,3,170,387,TRUE,TRUE,TRUE,0,,FALSE,canon_012,nested,0.03755812762623567,0.014965716780980264,0.061992463113875754,,refused_strict,maximum likelihood,FALSE,,0,0,covariate-standardized home-region refusal contrast (sensitivity),"covariate-standardized home-region refusal contrast; NOT causal, NOT a difference-in-differences, NOT a within-issue effect; adjustment controls measured composition only and cannot remove unmeasured differences between home and away issues",English,common support: covariate cells present in both arms only,TRUE,`estimable` means a fit was attempted; `plottable` means a point AND an interval exist. Five functional-form rows are estimable = TRUE with no estimate.,"difference_from_primary_pp is a DIFFERENCE OF POINT ESTIMATES. No interval is given for it: subtracting marginal endpoints is not a paired contrast, and the paired issue bootstrap that would be required is not run for these rows."
overlap_restricted,B. target population,TRUE,India,model x domain strata with both arms,-3.1419174915466495,-6.365938701125025,0.009174174648632629,-3.0681781328540083,-0.07373935869264114,2000,501,1,31,105,TRUE,TRUE,TRUE,0,,TRUE,canon_012,nested,-0.031419174915466495,-0.06365938701125025,9.174174648632629e-5,,refused_strict,maximum likelihood,FALSE,|coef| > 15; SE > 25; 289 fitted probabilities at 0 or 1,0.1457085828343317,0.1457085828343317,covariate-standardized home-region refusal contrast (sensitivity),"covariate-standardized home-region refusal contrast; NOT causal, NOT a difference-in-differences, NOT a within-issue effect; adjustment controls measured composition only and cannot remove unmeasured differences between home and away issues",English,common support: covariate cells present in both arms only,TRUE,`estimable` means a fit was attempted; `plottable` means a point AND an interval exist. Five functional-form rows are estimable = TRUE with no estimate.,"difference_from_primary_pp is a DIFFERENCE OF POINT ESTIMATES. No interval is given for it: subtracting marginal endpoints is not a paired contrast, and the paired issue bootstrap that would be required is not run for these rows."
overlap_restricted,B. target population,TRUE,US,model x domain strata with both arms,1.879257372329217,-0.7816542244852294,4.4513928785891395,1.879257372329217,0,8319,520,4,43,231,TRUE,TRUE,TRUE,0,,TRUE,canon_012,nested,0.01879257372329217,-0.007816542244852294,0.044513928785891395,,refused_strict,maximum likelihood,FALSE,SE > 25; 256 fitted probabilities at 0 or 1,0.030769230769230674,0.030769230769230674,covariate-standardized home-region refusal contrast (sensitivity),"covariate-standardized home-region refusal contrast; NOT causal, NOT a difference-in-differences, NOT a within-issue effect; adjustment controls measured composition only and cannot remove unmeasured differences between home and away issues",English,common support: covariate cells present in both arms only,TRUE,`estimable` means a fit was attempted; `plottable` means a point AND an interval exist. Five functional-form rows are estimable = TRUE with no estimate.,"difference_from_primary_pp is a DIFFERENCE OF POINT ESTIMATES. No interval is given for it: subtracting marginal endpoints is not a paired contrast, and the paired issue bootstrap that would be required is not run for these rows."
overlap_restricted,B. target population,TRUE,EU,model x domain strata with both arms,NA,NA,NA,NA,NA,2080,520,1,0,0,FALSE,FALSE,FALSE,NA,glm.fit: algorithm did not converge,TRUE,canon_012,nested,NA,NA,NA,0 observed events on refused_strict (complete separation),refused_strict,maximum likelihood,TRUE,did not converge; |coef| > 15; SE > 25; 2080 fitted probabilities at 0 or 1,0.9999999999999966,0.9999999999999966,covariate-standardized home-region refusal contrast (sensitivity),"covariate-standardized home-region refusal contrast; NOT causal, NOT a difference-in-differences, NOT a within-issue effect; adjustment controls measured composition only and cannot remove unmeasured differences between home and away issues",English,common support: covariate cells present in both arms only,FALSE,`estimable` means a fit was attempted; `plottable` means a point AND an interval exist. Five functional-form rows are estimable = TRUE with no estimate.,"difference_from_primary_pp is a DIFFERENCE OF POINT ESTIMATES. No interval is given for it: subtracting marginal endpoints is not a paired contrast, and the paired issue bootstrap that would be required is not run for these rows."
hierarchical_marginal,F. different estimand,TRUE,CN,(1|issue_id)+(1|prompt_id),NA,NA,NA,16.47950003466695,NA,4160,NA,NA,NA,NA,FALSE,FALSE,NA,NA,NA,NA,canon_012,nested,NA,NA,NA,did not converge,NA,NA,NA,NA,NA,NA,covariate-standardized home-region refusal contrast (sensitivity),"covariate-standardized home-region refusal contrast; NOT causal, NOT a difference-in-differences, NOT a within-issue effect; adjustment controls measured composition only and cannot remove unmeasured differences between home and away issues",English,integrates over the issue random effect instead of standardizing,TRUE,`estimable` means a fit was attempted; `plottable` means a point AND an interval exist. Five functional-form rows are estimable = TRUE with no estimate.,"difference_from_primary_pp is a DIFFERENCE OF POINT ESTIMATES. No interval is given for it: subtracting marginal endpoints is not a paired contrast, and the paired issue bootstrap that would be required is not run for these rows."
hierarchical_marginal,F. different estimand,TRUE,MENA,(1|issue_id)+(1|prompt_id),NA,NA,NA,3.755812762623567,NA,6240,NA,NA,NA,NA,FALSE,FALSE,NA,NA,NA,NA,canon_012,nested,NA,NA,NA,did not converge,NA,NA,NA,NA,NA,NA,covariate-standardized home-region refusal contrast (sensitivity),"covariate-standardized home-region refusal contrast; NOT causal, NOT a difference-in-differences, NOT a within-issue effect; adjustment controls measured composition only and cannot remove unmeasured differences between home and away issues",English,integrates over the issue random effect instead of standardizing,TRUE,`estimable` means a fit was attempted; `plottable` means a point AND an interval exist. Five functional-form rows are estimable = TRUE with no estimate.,"difference_from_primary_pp is a DIFFERENCE OF POINT ESTIMATES. No interval is given for it: subtracting marginal endpoints is not a paired contrast, and the paired issue bootstrap that would be required is not run for these rows."
hierarchical_marginal,F. different estimand,TRUE,India,(1|issue_id)+(1|prompt_id),NA,NA,NA,-3.0681781328540083,NA,2076,NA,NA,NA,NA,FALSE,FALSE,NA,NA,NA,NA,canon_012,nested,NA,NA,NA,did not converge,NA,NA,NA,NA,NA,NA,covariate-standardized home-region refusal contrast (sensitivity),"covariate-standardized home-region refusal contrast; NOT causal, NOT a difference-in-differences, NOT a within-issue effect; adjustment controls measured composition only and cannot remove unmeasured differences between home and away issues",English,integrates over the issue random effect instead of standardizing,TRUE,`estimable` means a fit was attempted; `plottable` means a point AND an interval exist. Five functional-form rows are estimable = TRUE with no estimate.,"difference_from_primary_pp is a DIFFERENCE OF POINT ESTIMATES. No interval is given for it: subtracting marginal endpoints is not a paired contrast, and the paired issue bootstrap that would be required is not run for these rows."
hierarchical_marginal,F. different estimand,TRUE,US,(1|issue_id)+(1|prompt_id),NA,NA,NA,1.879257372329217,NA,8319,NA,NA,NA,NA,FALSE,FALSE,NA,NA,NA,NA,canon_012,nested,NA,NA,NA,did not converge,NA,NA,NA,NA,NA,NA,covariate-standardized home-region refusal contrast (sensitivity),"covariate-standardized home-region refusal contrast; NOT causal, NOT a difference-in-differences, NOT a within-issue effect; adjustment controls measured composition only and cannot remove unmeasured differences between home and away issues",English,integrates over the issue random effect instead of standardizing,TRUE,`estimable` means a fit was attempted; `plottable` means a point AND an interval exist. Five functional-form rows are estimable = TRUE with no estimate.,"difference_from_primary_pp is a DIFFERENCE OF POINT ESTIMATES. No interval is given for it: subtracting marginal endpoints is not a paired contrast, and the paired issue bootstrap that would be required is not run for these rows."
hierarchical_marginal,F. different estimand,TRUE,EU,(1|issue_id)+(1|prompt_id),NA,NA,NA,NA,NA,2080,NA,NA,NA,NA,FALSE,FALSE,NA,NA,NA,NA,canon_012,nested,NA,NA,NA,0 observed events on refused_strict (complete separation),NA,NA,NA,NA,NA,NA,covariate-standardized home-region refusal contrast (sensitivity),"covariate-standardized home-region refusal contrast; NOT causal, NOT a difference-in-differences, NOT a within-issue effect; adjustment controls measured composition only and cannot remove unmeasured differences between home and away issues",English,integrates over the issue random effect instead of standardizing,FALSE,`estimable` means a fit was attempted; `plottable` means a point AND an interval exist. Five functional-form rows are estimable = TRUE with no estimate.,"difference_from_primary_pp is a DIFFERENCE OF POINT ESTIMATES. No interval is given for it: subtracting marginal endpoints is not a paired contrast, and the paired issue bootstrap that would be required is not run for these rows."
