quantity,category,estimate,conf_low,conf_high,conf_low_battery,conf_high_battery,battery_se,interval_reliable,dimension,field,role,weighting,n,n_models,n_issues_sampled,n_issues_battery,endpoint_neg,endpoint_pos,scale_label,primary_estimand,inference_target,reliability_warning,conditional,canonical_run_id
share_neg2,-2,0.005193940072337456,0.0013339675156450658,0.010004318206020204,0.0012752907929442607,0.00911258935173065,0.0019993475953145067,TRUE,Economic,economic_left_right,PRIMARY,equal-model,6528,11,156,624,left,right,left (-2) <-> right (+2),equal-model share in each of the five categories -2..+2,"conf_low/conf_high target an issue SUPERPOPULATION (issue-cluster bootstrap, percentile). conf_low_battery/conf_high_battery target the frozen 624-issue battery (delete-one-issue jackknife with finite-population correction, normal approximation). They answer different questions; neither is a correction of the other.","IDEOLOGY RELIABILITY IS WEAK. Panel alpha by dimension: economic ~0.41, social ~0.30, authority ~0.24, populism ~0.14. These are DESCRIPTIVE/EXPLORATORY quantities; social, authority and populism in particular should not carry substantive weight.",CONDITIONAL ON ENGAGEMENT: passes 2/3 skip refusals by design,canon_004
share_neg1,-1,0.02457266859170246,0.01525051393870147,0.034758044706788914,0.016077067206692122,0.0330682699767128,0.004334570151300003,TRUE,Economic,economic_left_right,PRIMARY,equal-model,6528,11,156,624,left,right,left (-2) <-> right (+2),equal-model share in each of the five categories -2..+2,"conf_low/conf_high target an issue SUPERPOPULATION (issue-cluster bootstrap, percentile). conf_low_battery/conf_high_battery target the frozen 624-issue battery (delete-one-issue jackknife with finite-population correction, normal approximation). They answer different questions; neither is a correction of the other.","IDEOLOGY RELIABILITY IS WEAK. Panel alpha by dimension: economic ~0.41, social ~0.30, authority ~0.24, populism ~0.14. These are DESCRIPTIVE/EXPLORATORY quantities; social, authority and populism in particular should not carry substantive weight.",CONDITIONAL ON ENGAGEMENT: passes 2/3 skip refusals by design,canon_004
share_zero,0,0.923999026225001,0.8976883690619052,0.9478127985907145,0.9022892338685221,0.9457088185814798,0.011076628207315526,TRUE,Economic,economic_left_right,PRIMARY,equal-model,6528,11,156,624,left,right,left (-2) <-> right (+2),equal-model share in each of the five categories -2..+2,"conf_low/conf_high target an issue SUPERPOPULATION (issue-cluster bootstrap, percentile). conf_low_battery/conf_high_battery target the frozen 624-issue battery (delete-one-issue jackknife with finite-population correction, normal approximation). They answer different questions; neither is a correction of the other.","IDEOLOGY RELIABILITY IS WEAK. Panel alpha by dimension: economic ~0.41, social ~0.30, authority ~0.24, populism ~0.14. These are DESCRIPTIVE/EXPLORATORY quantities; social, authority and populism in particular should not carry substantive weight.",CONDITIONAL ON ENGAGEMENT: passes 2/3 skip refusals by design,canon_004
share_pos1,1,0.04228233115749103,0.028504996629893423,0.056453176543301835,0.02989918009440168,0.054665482220580375,0.00631805031151902,TRUE,Economic,economic_left_right,PRIMARY,equal-model,6528,11,156,624,left,right,left (-2) <-> right (+2),equal-model share in each of the five categories -2..+2,"conf_low/conf_high target an issue SUPERPOPULATION (issue-cluster bootstrap, percentile). conf_low_battery/conf_high_battery target the frozen 624-issue battery (delete-one-issue jackknife with finite-population correction, normal approximation). They answer different questions; neither is a correction of the other.","IDEOLOGY RELIABILITY IS WEAK. Panel alpha by dimension: economic ~0.41, social ~0.30, authority ~0.24, populism ~0.14. These are DESCRIPTIVE/EXPLORATORY quantities; social, authority and populism in particular should not carry substantive weight.",CONDITIONAL ON ENGAGEMENT: passes 2/3 skip refusals by design,canon_004
share_pos2,2,0.003952033953468091,7.403860856747493e-4,0.008990542419857736,2.2624553294255069e-4,0.00767782237399363,0.0019009473898061826,TRUE,Economic,economic_left_right,PRIMARY,equal-model,6528,11,156,624,left,right,left (-2) <-> right (+2),equal-model share in each of the five categories -2..+2,"conf_low/conf_high target an issue SUPERPOPULATION (issue-cluster bootstrap, percentile). conf_low_battery/conf_high_battery target the frozen 624-issue battery (delete-one-issue jackknife with finite-population correction, normal approximation). They answer different questions; neither is a correction of the other.","IDEOLOGY RELIABILITY IS WEAK. Panel alpha by dimension: economic ~0.41, social ~0.30, authority ~0.24, populism ~0.14. These are DESCRIPTIVE/EXPLORATORY quantities; social, authority and populism in particular should not carry substantive weight.",CONDITIONAL ON ENGAGEMENT: passes 2/3 skip refusals by design,canon_004
signed_mean,NA,0.01522585032804984,0.002164883199733189,0.02931427741941668,0.003254019238209678,0.02719768141789,0.006108189326065398,TRUE,Economic,economic_left_right,SECONDARY,equal-model,6528,11,156,624,left,right,left (-2) <-> right (+2),equal-model share in each of the five categories -2..+2,"conf_low/conf_high target an issue SUPERPOPULATION (issue-cluster bootstrap, percentile). conf_low_battery/conf_high_battery target the frozen 624-issue battery (delete-one-issue jackknife with finite-population correction, normal approximation). They answer different questions; neither is a correction of the other.","IDEOLOGY RELIABILITY IS WEAK. Panel alpha by dimension: economic ~0.41, social ~0.30, authority ~0.24, populism ~0.14. These are DESCRIPTIVE/EXPLORATORY quantities; social, authority and populism in particular should not carry substantive weight.",CONDITIONAL ON ENGAGEMENT: passes 2/3 skip refusals by design,canon_004
share_neg2,-2,0.016052430308314745,0.00793628288441026,0.026500343999188106,0.007958798289075633,0.024146062327553855,0.004129479971612056,TRUE,Social,social_left_right,PRIMARY,equal-model,6528,11,156,624,progressive,traditional,progressive (-2) <-> traditional (+2),equal-model share in each of the five categories -2..+2,"conf_low/conf_high target an issue SUPERPOPULATION (issue-cluster bootstrap, percentile). conf_low_battery/conf_high_battery target the frozen 624-issue battery (delete-one-issue jackknife with finite-population correction, normal approximation). They answer different questions; neither is a correction of the other.","IDEOLOGY RELIABILITY IS WEAK. Panel alpha by dimension: economic ~0.41, social ~0.30, authority ~0.24, populism ~0.14. These are DESCRIPTIVE/EXPLORATORY quantities; social, authority and populism in particular should not carry substantive weight.",CONDITIONAL ON ENGAGEMENT: passes 2/3 skip refusals by design,canon_004
share_neg1,-1,0.106500278950647,0.0866361348599338,0.12692683913814484,0.0887553346624883,0.12424522323880569,0.009053709368196836,TRUE,Social,social_left_right,PRIMARY,equal-model,6528,11,156,624,progressive,traditional,progressive (-2) <-> traditional (+2),equal-model share in each of the five categories -2..+2,"conf_low/conf_high target an issue SUPERPOPULATION (issue-cluster bootstrap, percentile). conf_low_battery/conf_high_battery target the frozen 624-issue battery (delete-one-issue jackknife with finite-population correction, normal approximation). They answer different questions; neither is a correction of the other.","IDEOLOGY RELIABILITY IS WEAK. Panel alpha by dimension: economic ~0.41, social ~0.30, authority ~0.24, populism ~0.14. These are DESCRIPTIVE/EXPLORATORY quantities; social, authority and populism in particular should not carry substantive weight.",CONDITIONAL ON ENGAGEMENT: passes 2/3 skip refusals by design,canon_004
share_zero,0,0.7950900190477068,0.75812398523493,0.8301316496574016,0.7637960711712489,0.8263839669241647,0.015966593326867545,TRUE,Social,social_left_right,PRIMARY,equal-model,6528,11,156,624,progressive,traditional,progressive (-2) <-> traditional (+2),equal-model share in each of the five categories -2..+2,"conf_low/conf_high target an issue SUPERPOPULATION (issue-cluster bootstrap, percentile). conf_low_battery/conf_high_battery target the frozen 624-issue battery (delete-one-issue jackknife with finite-population correction, normal approximation). They answer different questions; neither is a correction of the other.","IDEOLOGY RELIABILITY IS WEAK. Panel alpha by dimension: economic ~0.41, social ~0.30, authority ~0.24, populism ~0.14. These are DESCRIPTIVE/EXPLORATORY quantities; social, authority and populism in particular should not carry substantive weight.",CONDITIONAL ON ENGAGEMENT: passes 2/3 skip refusals by design,canon_004
share_pos1,1,0.07920032696046009,0.061828337238028115,0.09809501692634157,0.06396316993097718,0.09443748398994299,0.007774202561716265,TRUE,Social,social_left_right,PRIMARY,equal-model,6528,11,156,624,progressive,traditional,progressive (-2) <-> traditional (+2),equal-model share in each of the five categories -2..+2,"conf_low/conf_high target an issue SUPERPOPULATION (issue-cluster bootstrap, percentile). conf_low_battery/conf_high_battery target the frozen 624-issue battery (delete-one-issue jackknife with finite-population correction, normal approximation). They answer different questions; neither is a correction of the other.","IDEOLOGY RELIABILITY IS WEAK. Panel alpha by dimension: economic ~0.41, social ~0.30, authority ~0.24, populism ~0.14. These are DESCRIPTIVE/EXPLORATORY quantities; social, authority and populism in particular should not carry substantive weight.",CONDITIONAL ON ENGAGEMENT: passes 2/3 skip refusals by design,canon_004
share_pos2,2,0.0031569447328714246,7.64363875311059e-4,0.006087341506640851,8.231250642213314e-4,0.005490764401521518,0.0011907462009807148,TRUE,Social,social_left_right,PRIMARY,equal-model,6528,11,156,624,progressive,traditional,progressive (-2) <-> traditional (+2),equal-model share in each of the five categories -2..+2,"conf_low/conf_high target an issue SUPERPOPULATION (issue-cluster bootstrap, percentile). conf_low_battery/conf_high_battery target the frozen 624-issue battery (delete-one-issue jackknife with finite-population correction, normal approximation). They answer different questions; neither is a correction of the other.","IDEOLOGY RELIABILITY IS WEAK. Panel alpha by dimension: economic ~0.41, social ~0.30, authority ~0.24, populism ~0.14. These are DESCRIPTIVE/EXPLORATORY quantities; social, authority and populism in particular should not carry substantive weight.",CONDITIONAL ON ENGAGEMENT: passes 2/3 skip refusals by design,canon_004
signed_mean,NA,-0.05309092314107355,-0.08816437013893436,-0.023842696191781095,-0.07657564792512155,-0.029606198357025545,0.011982222616993232,TRUE,Social,social_left_right,SECONDARY,equal-model,6528,11,156,624,progressive,traditional,progressive (-2) <-> traditional (+2),equal-model share in each of the five categories -2..+2,"conf_low/conf_high target an issue SUPERPOPULATION (issue-cluster bootstrap, percentile). conf_low_battery/conf_high_battery target the frozen 624-issue battery (delete-one-issue jackknife with finite-population correction, normal approximation). They answer different questions; neither is a correction of the other.","IDEOLOGY RELIABILITY IS WEAK. Panel alpha by dimension: economic ~0.41, social ~0.30, authority ~0.24, populism ~0.14. These are DESCRIPTIVE/EXPLORATORY quantities; social, authority and populism in particular should not carry substantive weight.",CONDITIONAL ON ENGAGEMENT: passes 2/3 skip refusals by design,canon_004
share_neg2,-2,0.006662137611534479,0.0015015246327820789,0.014523004938868229,9.512898487159076e-4,0.01237298537435305,0.00291375137903809,TRUE,Authority,authoritarian_libertarian,PRIMARY,equal-model,6528,11,156,624,authoritarian,libertarian,authoritarian (-2) <-> libertarian (+2),equal-model share in each of the five categories -2..+2,"conf_low/conf_high target an issue SUPERPOPULATION (issue-cluster bootstrap, percentile). conf_low_battery/conf_high_battery target the frozen 624-issue battery (delete-one-issue jackknife with finite-population correction, normal approximation). They answer different questions; neither is a correction of the other.","IDEOLOGY RELIABILITY IS WEAK. Panel alpha by dimension: economic ~0.41, social ~0.30, authority ~0.24, populism ~0.14. These are DESCRIPTIVE/EXPLORATORY quantities; social, authority and populism in particular should not carry substantive weight.",CONDITIONAL ON ENGAGEMENT: passes 2/3 skip refusals by design,canon_004
share_neg1,-1,0.1243270945886498,0.0994522629624802,0.15181864502103923,0.10142022062300605,0.14723396855429355,0.011687395353348454,TRUE,Authority,authoritarian_libertarian,PRIMARY,equal-model,6528,11,156,624,authoritarian,libertarian,authoritarian (-2) <-> libertarian (+2),equal-model share in each of the five categories -2..+2,"conf_low/conf_high target an issue SUPERPOPULATION (issue-cluster bootstrap, percentile). conf_low_battery/conf_high_battery target the frozen 624-issue battery (delete-one-issue jackknife with finite-population correction, normal approximation). They answer different questions; neither is a correction of the other.","IDEOLOGY RELIABILITY IS WEAK. Panel alpha by dimension: economic ~0.41, social ~0.30, authority ~0.24, populism ~0.14. These are DESCRIPTIVE/EXPLORATORY quantities; social, authority and populism in particular should not carry substantive weight.",CONDITIONAL ON ENGAGEMENT: passes 2/3 skip refusals by design,canon_004
share_zero,0,0.8047706256359145,0.7681862164486226,0.8375209589315287,0.7747792677880063,0.8347619834838227,0.015301994365445592,TRUE,Authority,authoritarian_libertarian,PRIMARY,equal-model,6528,11,156,624,authoritarian,libertarian,authoritarian (-2) <-> libertarian (+2),equal-model share in each of the five categories -2..+2,"conf_low/conf_high target an issue SUPERPOPULATION (issue-cluster bootstrap, percentile). conf_low_battery/conf_high_battery target the frozen 624-issue battery (delete-one-issue jackknife with finite-population correction, normal approximation). They answer different questions; neither is a correction of the other.","IDEOLOGY RELIABILITY IS WEAK. Panel alpha by dimension: economic ~0.41, social ~0.30, authority ~0.24, populism ~0.14. These are DESCRIPTIVE/EXPLORATORY quantities; social, authority and populism in particular should not carry substantive weight.",CONDITIONAL ON ENGAGEMENT: passes 2/3 skip refusals by design,canon_004
share_pos1,1,0.06318142816522468,0.04886574713702202,0.07876740252428545,0.04986570923093297,0.07649714709951638,0.006793858988902044,TRUE,Authority,authoritarian_libertarian,PRIMARY,equal-model,6528,11,156,624,authoritarian,libertarian,authoritarian (-2) <-> libertarian (+2),equal-model share in each of the five categories -2..+2,"conf_low/conf_high target an issue SUPERPOPULATION (issue-cluster bootstrap, percentile). conf_low_battery/conf_high_battery target the frozen 624-issue battery (delete-one-issue jackknife with finite-population correction, normal approximation). They answer different questions; neither is a correction of the other.","IDEOLOGY RELIABILITY IS WEAK. Panel alpha by dimension: economic ~0.41, social ~0.30, authority ~0.24, populism ~0.14. These are DESCRIPTIVE/EXPLORATORY quantities; social, authority and populism in particular should not carry substantive weight.",CONDITIONAL ON ENGAGEMENT: passes 2/3 skip refusals by design,canon_004
share_pos2,2,0.0010587139986765906,0,0.002896893143053227,-3.2431220031970917e-4,0.0024417401976728906,7.056385780072667e-4,TRUE,Authority,authoritarian_libertarian,PRIMARY,equal-model,6528,11,156,624,authoritarian,libertarian,authoritarian (-2) <-> libertarian (+2),equal-model share in each of the five categories -2..+2,"conf_low/conf_high target an issue SUPERPOPULATION (issue-cluster bootstrap, percentile). conf_low_battery/conf_high_battery target the frozen 624-issue battery (delete-one-issue jackknife with finite-population correction, normal approximation). They answer different questions; neither is a correction of the other.","IDEOLOGY RELIABILITY IS WEAK. Panel alpha by dimension: economic ~0.41, social ~0.30, authority ~0.24, populism ~0.14. These are DESCRIPTIVE/EXPLORATORY quantities; social, authority and populism in particular should not carry substantive weight.",CONDITIONAL ON ENGAGEMENT: passes 2/3 skip refusals by design,canon_004
signed_mean,NA,-0.0723525136491409,-0.10734936189901505,-0.03886407260394741,-0.10326038694483369,-0.04144464035344811,0.01576961288038462,TRUE,Authority,authoritarian_libertarian,SECONDARY,equal-model,6528,11,156,624,authoritarian,libertarian,authoritarian (-2) <-> libertarian (+2),equal-model share in each of the five categories -2..+2,"conf_low/conf_high target an issue SUPERPOPULATION (issue-cluster bootstrap, percentile). conf_low_battery/conf_high_battery target the frozen 624-issue battery (delete-one-issue jackknife with finite-population correction, normal approximation). They answer different questions; neither is a correction of the other.","IDEOLOGY RELIABILITY IS WEAK. Panel alpha by dimension: economic ~0.41, social ~0.30, authority ~0.24, populism ~0.14. These are DESCRIPTIVE/EXPLORATORY quantities; social, authority and populism in particular should not carry substantive weight.",CONDITIONAL ON ENGAGEMENT: passes 2/3 skip refusals by design,canon_004
share_neg2,-2,4.482271400540431e-4,0,0.0013587565716833927,-3.125923342640541e-4,0.0012090466143721403,3.8818033408743443e-4,TRUE,Populism,populist_elitist,PRIMARY,equal-model,6528,11,156,624,populist,elitist,populist (-2) <-> elitist (+2),equal-model share in each of the five categories -2..+2,"conf_low/conf_high target an issue SUPERPOPULATION (issue-cluster bootstrap, percentile). conf_low_battery/conf_high_battery target the frozen 624-issue battery (delete-one-issue jackknife with finite-population correction, normal approximation). They answer different questions; neither is a correction of the other.","IDEOLOGY RELIABILITY IS WEAK. Panel alpha by dimension: economic ~0.41, social ~0.30, authority ~0.24, populism ~0.14. These are DESCRIPTIVE/EXPLORATORY quantities; social, authority and populism in particular should not carry substantive weight.",CONDITIONAL ON ENGAGEMENT: passes 2/3 skip refusals by design,canon_004
share_neg1,-1,0.15411866123998416,0.13288015248350574,0.17621804415775438,0.13565750053872283,0.1725798219412455,0.009419132620232121,TRUE,Populism,populist_elitist,PRIMARY,equal-model,6528,11,156,624,populist,elitist,populist (-2) <-> elitist (+2),equal-model share in each of the five categories -2..+2,"conf_low/conf_high target an issue SUPERPOPULATION (issue-cluster bootstrap, percentile). conf_low_battery/conf_high_battery target the frozen 624-issue battery (delete-one-issue jackknife with finite-population correction, normal approximation). They answer different questions; neither is a correction of the other.","IDEOLOGY RELIABILITY IS WEAK. Panel alpha by dimension: economic ~0.41, social ~0.30, authority ~0.24, populism ~0.14. These are DESCRIPTIVE/EXPLORATORY quantities; social, authority and populism in particular should not carry substantive weight.",CONDITIONAL ON ENGAGEMENT: passes 2/3 skip refusals by design,canon_004
share_zero,0,0.7953835676794587,0.767647517768185,0.822847141689995,0.771421463114323,0.8193456722445944,0.01222578820536792,TRUE,Populism,populist_elitist,PRIMARY,equal-model,6528,11,156,624,populist,elitist,populist (-2) <-> elitist (+2),equal-model share in each of the five categories -2..+2,"conf_low/conf_high target an issue SUPERPOPULATION (issue-cluster bootstrap, percentile). conf_low_battery/conf_high_battery target the frozen 624-issue battery (delete-one-issue jackknife with finite-population correction, normal approximation). They answer different questions; neither is a correction of the other.","IDEOLOGY RELIABILITY IS WEAK. Panel alpha by dimension: economic ~0.41, social ~0.30, authority ~0.24, populism ~0.14. These are DESCRIPTIVE/EXPLORATORY quantities; social, authority and populism in particular should not carry substantive weight.",CONDITIONAL ON ENGAGEMENT: passes 2/3 skip refusals by design,canon_004
share_pos1,1,0.04990385629481538,0.038120500589327914,0.062318954337032266,0.03960178666866694,0.06020592592096381,0.005256254557435673,TRUE,Populism,populist_elitist,PRIMARY,equal-model,6528,11,156,624,populist,elitist,populist (-2) <-> elitist (+2),equal-model share in each of the five categories -2..+2,"conf_low/conf_high target an issue SUPERPOPULATION (issue-cluster bootstrap, percentile). conf_low_battery/conf_high_battery target the frozen 624-issue battery (delete-one-issue jackknife with finite-population correction, normal approximation). They answer different questions; neither is a correction of the other.","IDEOLOGY RELIABILITY IS WEAK. Panel alpha by dimension: economic ~0.41, social ~0.30, authority ~0.24, populism ~0.14. These are DESCRIPTIVE/EXPLORATORY quantities; social, authority and populism in particular should not carry substantive weight.",CONDITIONAL ON ENGAGEMENT: passes 2/3 skip refusals by design,canon_004
share_pos2,2,1.4568764568764566e-4,0,4.370629370629371e-4,-1.0159944654928002e-4,3.929747379245713e-4,1.2616920218304763e-4,TRUE,Populism,populist_elitist,PRIMARY,equal-model,6528,11,156,624,populist,elitist,populist (-2) <-> elitist (+2),equal-model share in each of the five categories -2..+2,"conf_low/conf_high target an issue SUPERPOPULATION (issue-cluster bootstrap, percentile). conf_low_battery/conf_high_battery target the frozen 624-issue battery (delete-one-issue jackknife with finite-population correction, normal approximation). They answer different questions; neither is a correction of the other.","IDEOLOGY RELIABILITY IS WEAK. Panel alpha by dimension: economic ~0.41, social ~0.30, authority ~0.24, populism ~0.14. These are DESCRIPTIVE/EXPLORATORY quantities; social, authority and populism in particular should not carry substantive weight.",CONDITIONAL ON ENGAGEMENT: passes 2/3 skip refusals by design,canon_004
signed_mean,NA,-0.1048198839339016,-0.12476429503815215,-0.08561048071283639,-0.12282887912464835,-0.08681088874315485,0.009188431692010373,TRUE,Populism,populist_elitist,SECONDARY,equal-model,6528,11,156,624,populist,elitist,populist (-2) <-> elitist (+2),equal-model share in each of the five categories -2..+2,"conf_low/conf_high target an issue SUPERPOPULATION (issue-cluster bootstrap, percentile). conf_low_battery/conf_high_battery target the frozen 624-issue battery (delete-one-issue jackknife with finite-population correction, normal approximation). They answer different questions; neither is a correction of the other.","IDEOLOGY RELIABILITY IS WEAK. Panel alpha by dimension: economic ~0.41, social ~0.30, authority ~0.24, populism ~0.14. These are DESCRIPTIVE/EXPLORATORY quantities; social, authority and populism in particular should not carry substantive weight.",CONDITIONAL ON ENGAGEMENT: passes 2/3 skip refusals by design,canon_004
